dt,oil,al,zn,cu,cotton,au,ag,lumber,nasdaq,sp_500,dow_jones,ipsa,total_UCI,cyber,cyber_pct_mes,numero_de_lunes,numero_de_fines_de_semana,feriados,feriados_irrenunciables,feriados_optativos,dias_del_mes,rel_fer_irr,FOB_competencia,CIF_competencia,clp_usd,csi300_china,ipc_sin_volatiles_mensual,ipc_sin_volatiles_anual,tpm,tasa_interbancaria,tasa_int_prom_consumo,tasa_int_prom_com,tasa_int_prom_vivienda,tasas_int_promedio_sis_financiero,imacec,imacec_no_minero,imce_construccion,imce_industria,imce_total,exp_consumidor,desempleo,tasa_desempleo,china_desocupacion,desempleo_eeuu,desempleo_euro,ocupados_en_la_construccion,ocupados_mensual,ind_avisos_laborales,ind_remuneraciones,fuerza_trabajo_total,pob_15_mas,exp_trabajo,permisos_edificacion,numero_permisos_vivienda,permisos_vivienda,permisos_icf,permisos_servicios,imacon,var_imacon,cobre_fob,hierro_fob,plata_fob,oro_fob,molibdeno_fob,litio_fob,sal_fob,precio_gasolina_eeuu,precio_diesel,precio_gas_natural,precio_kerosene,precio_propano,precio_litio,colocaciones,colocaciones_comerciales,colocaciones_consumo,colocacione_vivienda,tasa_int_ex_pol_monetaria_china,tasa_int_ex_pol_monetaria_eeuu,tasa_int_ex_pol_monetaria_zoneuro,bono_gob_10y_chile,bono_gob_10y_eeuu,bono_gob_10y_zoneuro,spread_embi_chile,spread_embi_china,spread_embi_europa,spread_embi_global,incertidumbre_politica_economica_chile,incertidumbre_politica_economica_china,incertidumbre_politica_economica_eeuu,incertidumbre_politica_economica_europa,incertidumbre_politica_economica_global,exp_economica,inflacion_china_var,inflacion_eeuu_var,inflacion_euro_var,inflacion_china_excluye_alimentos_energia_var,inflacion_eeuu_excluye_alimentos_energia_var,inflacion_euro_excluye_alimentos_energia_var,exp_inversion,gscpi,imacec_costo_factores,imp_sobre_productos,ventas_viviendas_nuevas_nacionales,ventas_viviendas_nuevas_gran_santiago,transferencias_corrientes_netas,ingreso_disponible_bruto_ajustado,consumo_final_efectivo,variacion_neta_fondos_pensiones,ahorro_bruto,ahorro_previsional,ahorro_no_previsional,deuda,deuda_bancaria_hipotecaria,deuda_bancaria_consumo,deuda_no_bancaria,consumo_hogar_ipsfl,bienes_durables,bienos_no_durables,gastos,subsidios_donaciones,ipv_general,ipv_casas,ipv_departamentos,sku_apuestas_comerciales,sku_puntos_promocionales,sku_serie_tv,movilidad,Norte_prcp,Norte_tavg,Norte_wspd,Centro_prcp,Centro_tavg,Centro_wspd,Sur_prcp,Sur_tavg,Sur_wspd,ExtremoSur_prcp,ExtremoSur_tavg,ExtremoSur_wspd,Invierno,Primavera,Verano,Otono,Navidad,Fiestas_patrias,Dia_mama,Back_to_school,Dia_del_padre,Pandemia,Post_Pandemia,Retiros,Sismos,Incendios,Guerra_RU_UA,Guerra_Comercial_USA,Estallido_Social,Guerra_Medio_Oriente,gse_AB,gse_C1a,gse_C1b,gse_C2,gse_C3,gse_D,gse_E,num_partidos,total_turistas,IAC_Ferreteria_Mayorista,IAC_Ferreteria_Minorista,IAC_Electricos_y_Hogar,IAC_maquinaria_equipo_materiales
2017-01-01,52.81,0.8248638838475499,1.3008166969147006,2.7745,74.97,1212.8159371492707,17.555055559165638,0.14972776769509982,5614.79,2278.87,19864.09,4199.5,0.0,0,0,5,9,2,2,0,31,6.451612903225806,26014808.16,28891752.57,661.194285714286,3349.0,0.368022023,3.314233935,3.5,3.5,23.04,7.88,3.62,1.46,92.487585800536,92.663595040355,25.0,41.61,44.88,56.35824613339652,6.3693701245487,6.4,5.2,4.7,9.5,730003.2835,8534.6,100.0,94.5,9115.1,14591.3,51.819868097431645,1229075.0,11842.0,919998.0,200217.0,108860.0,110.63,3.192456821571432,2372.182886,99.505775,20.943807,60.358057,13.004495,53.522009,9.023926,419.0212,1.5874,3.2608,388.79672,0.75888,13.75014422932093,145948.448881501,79954.534321475,17174.982062341,39981.129413427,4.35,0.75,-0.4,4.16726845005453,2.42627272727273,0.349090909090909,150.05,128.9415,271.4,353.678,158.48,306.037496,195.04,320.02,259.04,72.06982495445116,2.5,2.5,1.7,2.2,2.3,0.9,54.169745477630755,0.16813908692483595,92.77,89.98,14914.5,8014.833333333334,486.7402833333333,32612.256133333336,31794.5026,1757.8474500000002,2575.6009999999997,2534.3044833333333,41.296433333333326,68.6755,36.058049999999994,18.277816666666666,14.33955,28946.8661805155,2672.601837168283,12724.0802830785,31248403.910975333,9945166.510028332,169.035081383576,168.111753388068,169.94115429082834,4099,46,17,0.0,0.0,23.95,11.943548387096774,0.0,19.383870967741935,10.753333333333334,0.2945652173913043,18.376612903225805,12.7997311827957,1.4880952380952381,12.72741935483871,29.1,0.0,0.0,1.0,0.0,0,0,0,0,0,0,0,0,0,1,0,0,0,0,1.0,6.0,6.0,12.0,25.0,37.0,13.0,2,964027,94.6651679287261,101.65293710690356,92.68183028650087,81.08623563124847
2017-02-01,54.01,0.8734119782214156,1.27994555353902,2.776,76.31,1246.553066037736,18.294859813084113,0.16624319419237749,5825.44,2363.64,20812.24,4359.88,0.0,0,0,4,8,0,0,0,28,0.0,21274066.330000002,23680902.0,643.2095,3430.2,0.319418376,3.192644561,3.25,3.2,23.34,8.84,3.55,1.75,89.06691164338,90.143486943735,23.9864864349365,45.56,45.98,56.35824613339652,6.7713485956733,6.8,5.4,4.6,9.4,736823.5143,8485.7,90.6,93.9,9102.0,14612.6,51.819868097431645,1062269.0,9028.0,711092.0,260014.0,91163.0,109.19,0.05470439467800681,1985.691109,68.453212,14.881037,40.094701,16.742961,57.485831,14.142592,408.95518,1.6084,2.8233,394.68838,0.77076,13.75014422932093,146633.144141758,80161.874087739,17240.200687093,40304.226628698,4.35,0.75,-0.4,4.15221828533378,2.41625,0.31885,131.736842105263,122.215263157895,258.526315789474,337.841578947368,145.83,176.3995805,177.78,237.07,196.53,72.06982495445116,0.8,2.7,2.0,1.8,2.2,0.8,54.169745477630755,0.1509168689341576,89.27,87.26,14855.0,7876.666666666667,495.92096666666663,32206.24326666667,31421.257800000003,1761.0186999999999,2546.0042,2545.848566666667,0.1555666666666582,68.8073,36.1365,18.282733333333333,14.388,28589.568748422,2627.5711364604667,12538.999373345001,26801594.361950666,8460163.020056667,169.77618566475502,167.988902447924,171.53585638558766,4099,46,17,0.0,0.0,23.480357142857144,11.841071428571428,0.0,19.37142857142857,9.314285714285715,1.7910714285714284,18.273214285714285,11.911309523809523,1.2142857142857142,13.964285714285714,23.646428571428572,0.0,0.0,1.0,0.0,0,0,0,0,0,0,0,0,0,1,0,0,0,0,1.0,6.0,6.0,12.0,25.0,37.0,13.0,0,709043,92.05103547877083,93.18889740324967,87.98184636826561,77.99821417954941
2017-03-01,50.6,0.8912205081669692,1.2558983666061705,2.742,77.33,1249.285714285714,18.259909632368043,0.17304900181488203,5911.74,2362.72,20663.22,4783.42,0.0,0,0,4,8,0,0,0,31,0.0,17122109.9,18688529.73,661.202608695652,3454.5,0.584358618,2.986917039,3.13,3.14,22.02,8.18,3.47,1.87,100.35307404534,102.28587145717,25.3246746063232,43.41,45.12,56.35824613339652,7.0402289496768,7.0,5.2,4.4,9.4,750698.4555,8484.4,98.8,94.4,9127.0,14633.8,51.819868097431645,1473377.0,14199.0,1078967.0,278874.0,115536.0,108.79,-0.7917393552458463,2288.247627,91.434381,22.514589,57.243199,21.760297,42.828185,15.479935,402.45586,1.5001,2.8875,364.96588,0.61902,13.75014422932093,147665.460421348,80355.756958407,17405.835928021,40749.195159908,4.35,0.89,-0.4,4.20119793635633,2.48004347826087,0.393347826086957,132.434782608696,116.843913043478,252.608695652174,329.267391304348,129.24,349.0531329,154.61,267.07,228.09,72.06982495445116,0.9,2.4,1.5,2.0,2.0,0.7,54.169745477630755,0.07574929417141203,100.41,99.87,14736.0,7600.333333333333,514.2823333333332,31394.217533333333,30674.768200000002,1767.3612,2486.8106000000002,2568.9367333333334,-82.12616666666668,69.07090000000001,36.2934,18.292566666666666,14.484900000000001,27874.973884235,2537.5097350448336,12168.837553878,17907975.263901334,5490156.040113334,170.517289945934,167.86605150778,173.130558480347,4099,46,17,0.0,0.0,21.862903225806452,11.411290322580646,0.0,17.61935483870968,8.816129032258065,1.8266129032258065,14.966129032258063,9.909408602150538,0.5790322580645161,11.283870967741937,19.748387096774195,0.0,0.0,0.5,0.5,0,0,0,1,0,0,0,0,0,1,0,0,0,0,1.0,6.0,6.0,12.0,25.0,37.0,13.0,2,521123,108.88101585063342,104.70367789913732,103.65125602419671,101.08377682338374
2017-04-01,49.33,0.8671733212341198,1.1903357531760435,2.681,78.77,1270.071012805588,17.249960471808496,0.1723230490018149,6047.61,2384.2,20940.51,4795.13,0.0,0,0,4,10,4,1,3,30,3.3333333333333335,13534590.709999999,14622836.059999999,655.743333333333,3477.2,0.477543176,2.897393404,2.88,2.87,22.83,7.48,3.42,1.74,95.345690542264,96.243721290732,22.1428565979004,41.09,44.11,56.20797982865291,7.0779779734202,7.1,5.0,4.4,9.2,744699.3954,8499.9,87.1,93.9,9147.4,14655.2,53.61773568687648,1100104.0,9448.0,790437.0,248752.0,60915.0,107.42,-3.842115204374208,2220.521247,74.299944,36.654017,62.675664,11.422112,79.471239,7.248472,427.31708,1.5575,3.082,373.89584,0.65125,13.750018683253824,149268.994252615,81360.19443743,17461.694191488,41064.785138507,4.35,1.0,-0.4,3.9007399301343,2.2863,0.24905,136.526315789474,120.755789473684,249.578947368421,330.805263157895,115.47,174.1927712,157.68,249.22,175.51,72.680406761009,1.2,2.2,1.9,2.1,1.9,1.3,52.72065748722799,0.005021777056402378,95.67,92.51,14739.555555555555,7488.444444444444,517.5802,31031.210455555556,30339.59627777778,1790.9517888888888,2482.5660444444447,2602.565788888889,-119.99975555555557,69.37706666666668,36.48475555555555,18.32967777777778,14.562622222222222,27484.550588103888,2482.2696462388667,11917.152951072889,11995994.422970556,3579115.120154556,171.02961982863735,168.35332804593367,173.66750581925865,6950,46,17,0.0,0.0,19.505,10.443333333333333,0.0,16.168333333333333,8.523333333333333,2.8288888888888892,13.484166666666665,8.523611111111112,1.3666666666666667,8.556666666666667,21.053333333333335,0.0,0.0,0.0,1.0,0,0,0,0,0,0,0,0,0,0,0,0,0,0,1.0,6.0,6.0,12.0,25.0,37.0,13.0,0,469626,89.65419104064588,90.06708305943384,90.74868623482247,78.5258670719821
2017-05-01,48.32,0.8746597096188747,1.1796733212341197,2.6575,76.93,1268.8860045146728,17.347400743746817,0.15657894736842107,6198.52,2411.8,21008.65,4855.75,0.0,1,3,5,8,2,1,1,31,3.225806451612903,14775468.31,16275061.620000001,671.539545454546,3408.8,0.105914623,2.861425702,2.65,2.65,21.88,7.03,3.36,1.41,96.953322592751,97.28022225898,24.2063484191895,42.32,44.93,56.45752528396049,7.326344790601,7.3,5.032967032967033,4.4,9.2,735119.0477,8535.2,92.2,93.9,9210.0,14676.4,52.9560556283638,1610981.0,15259.0,1176053.0,325853.0,109075.0,107.61,-2.3202365802606484,2671.710871,60.546277,36.557247,67.327928,16.540103,60.768392,11.298898,400.50078,1.478,3.1248,354.89986,0.64083,14.068844075348773,148795.307956832,80590.029678218,17453.945880089,41467.190892317,4.35,1.0,-0.4,4.02683590255065,2.298,0.374652173913044,132.818181818182,120.040909090909,237.045454545455,320.183636363636,94.15,130.7553519,129.89,197.59,160.82,70.71496837444924,1.5,1.9,1.4,2.1,1.7,0.9,54.27077165732416,-0.13944032266918469,97.26,94.31,14865.666666666666,7541.0,505.8145666666666,31117.222033333335,30415.742033333332,1831.7904666666666,2533.270533333334,2646.735733333333,-113.46520000000002,69.7258,36.710566666666665,18.394066666666664,14.621166666666666,27418.298860028666,2461.8508700425664,11783.945564929665,9065651.839158332,2727040.260180333,171.54194971134066,168.84060458408734,174.20445315817034,6008,79,20,0.0,0.0,18.585483870967742,10.938709677419356,3.548275862068966,14.26290322580645,7.008064516129032,4.636827956989247,9.862903225806452,10.626075268817205,1.29,6.253225806451613,20.916129032258063,0.0,0.0,0.0,1.0,0,0,1,0,0,0,0,0,0,0,0,0,0,0,1.0,6.0,6.0,12.0,25.0,37.0,13.0,0,357953,101.61444253026333,98.5103080287736,103.00531861033855,89.04489192545297
2017-06-01,46.04,0.8709165154264973,1.2536297640653358,2.769,68.65,1241.448425624321,16.62194891476587,0.16601633393829401,6140.42,2423.41,21349.63,4747.24,0.0,0,0,4,8,2,0,2,30,0.0,18021240.22,19929169.849999998,665.153333333333,3571.9,0.02034628,2.67646635,2.5,2.5,22.2,7.25,3.29,0.95,94.127715176729,94.47037936787,21.875,40.4,43.2,58.3020157535384,7.3125193579654,7.3,5.067032967032967,4.3,9.1,722305.9392,8524.1,93.3,94.6,9196.6,14697.7,56.164728292519136,1653120.0,15582.0,1205419.0,248995.0,198706.0,106.82,-2.6662536048000174,2900.209596,90.273992,26.077624,44.004507,5.90119,41.352464,10.357901,378.09662,1.3849,2.941,327.05318,0.59233,14.587725345404577,149123.113006463,80890.061750957,17492.822575036,41831.585774322,4.35,1.15,-0.4,4.01015370223775,2.18559090909091,0.291909090909091,131.636363636364,117.692727272727,240.318181818182,324.394090909091,99.35,227.6597283,120.64,274.39,164.77,72.62480758869198,1.5,1.6,1.3,2.2,1.7,1.2,55.36417028089045,0.09306101259940976,94.3,92.64,15114.333333333334,7758.0,478.9854333333333,31652.252266666666,30903.205466666666,1889.8772333333334,2638.924066666667,2701.446566666667,-62.52250000000001,70.1171,36.97083333333333,18.485733333333332,14.660533333333333,27676.21870000933,2476.253406455933,11769.215395448335,9116947.512464667,2933931.460190667,172.054279594044,169.327881122241,174.741400497082,7218,80,20,0.0,0.36379310344827587,16.988333333333333,10.417241379310346,1.5413793103448274,12.805,8.331666666666667,4.9383333333333335,8.595,11.158045977011493,2.3586206896551727,2.67,23.26551724137931,0.5,0.0,0.0,0.5,0,0,0,0,1,0,0,0,0,0,0,0,0,0,1.0,6.0,6.0,12.0,25.0,37.0,13.0,7,322568,92.58721717860212,88.00587517093278,92.66590488122446,92.64721557840892
2017-07-01,50.17,0.8687613430127041,1.2695099818511797,2.9775,68.93,1267.518756698821,16.80252053081754,0.17164246823956444,6348.12,2470.3,21891.12,5064.62,0.0,0,0,5,10,2,1,1,31,3.225806451612903,16427632.459999999,18487543.4,658.171428571428,3690.3,0.102781809,2.518747205,2.5,2.5,22.01,7.08,3.2,1.22,90.907381457549,90.57804280981,26.3698635101318,41.4,42.41,56.309163000634285,7.2167784939905,7.2,5.1,4.3,9.1,715961.9522,8537.4,94.5,95.3,9201.4,14718.9,54.68452266383459,1189894.0,9877.0,797724.0,297550.0,94620.0,108.8,0.257921241412995,2645.503992,96.560609,25.464002,79.28837,11.917892,42.717013,7.28243,401.63684,1.4877,2.958,351.62378,0.65545,14.375545897844006,149051.782540217,80745.533730529,17509.462054401,41994.570849487,4.35,1.25,-0.4,4.22101685466905,2.31571428571429,0.542571428571428,131.1,115.187,242.85,327.2605,111.62,228.2414925,141.14,181.42,143.04,70.74781098849672,1.4,1.7,1.3,2.1,1.7,1.2,53.36166151703319,0.08754454917284439,90.77,92.12,15300.111111111111,7932.88888888889,455.08476666666667,32004.05178888889,31203.011333333332,1905.0049666666666,2706.045433333333,2721.511722222222,-15.466277777777778,70.47568888888888,37.20715555555555,18.555444444444444,14.713088888888889,27838.825324637222,2491.059473957222,11766.129725325669,9250324.601216221,3075135.0189130004,173.11599578658866,171.041778375367,175.163292467659,10955,118,28,0.0,0.02903225806451613,16.241935483870968,10.619354838709677,0.0,11.901612903225805,6.758064516129032,2.1158602150537633,7.959677419354839,11.377777777777776,3.7516129032258063,4.682258064516129,24.076666666666664,1.0,0.0,0.0,0.0,0,0,0,0,0,0,0,0,0,0,0,0,0,0,1.0,6.0,6.0,12.0,25.0,37.0,13.0,1,491167,95.55984404595458,90.28363492911889,94.6836678916145,87.8560895694782
2017-08-01,47.23,0.9600725952813067,1.433529945553539,3.165,71.0,1320.7616407982262,17.562128694626665,0.175,6428.66,2471.65,21948.1,5153.15,0.0,0,0,4,8,1,0,1,31,0.0,24271357.26,27128059.98,644.241818181818,3747.0,0.096108698,2.450963188,2.5,2.5,21.45,6.79,3.19,1.77,95.779130326951,95.377360745792,25.0,42.65,43.17,57.68339395345176,6.9075946714037,6.9,5.0495934959349595,4.4,9.0,709602.9837,8573.5,94.4,95.6,9209.7,14743.2,55.36761797025095,1411127.0,10651.0,912113.0,366099.0,132915.0,108.71,0.11189359885730443,3082.541143,126.361937,26.450352,51.802065,23.455658,60.449765,6.64822,434.50332,1.6021,2.884,374.45066,0.75876,14.390679175448271,149254.813090608,80903.17255912,17650.373072019,42289.814326703,4.35,1.25,-0.4,4.32837861329911,2.20552173913044,0.415260869565217,124.391304347826,111.998695652174,234.391304347826,325.174347826087,96.54,164.6848328,137.86,149.71,136.18,70.61603922567838,1.8,1.9,1.5,2.2,1.7,1.2,54.924344905302064,0.38585348506038186,95.82,95.42,15423.0,8065.666666666667,434.1125666666667,32172.6206,31315.159633333333,1877.1736666666666,2734.6346333333336,2706.9311999999995,27.703466666666667,70.80156666666666,37.419533333333334,18.6032,14.778833333333333,27906.11873391233,2506.269072546433,11774.688554561668,9465783.105413,3150650.9363473332,174.17771197913333,172.755675628493,175.58518443823598,11420,135,22,0.0,0.03225806451612903,16.088709677419356,12.2,0.19677419354838707,12.035483870967743,7.645161290322581,7.607258064516128,8.768548387096773,14.236021505376344,2.2564516129032257,5.048387096774194,26.506451612903227,1.0,0.0,0.0,0.0,0,0,0,0,0,0,0,0,0,0,0,0,0,0,1.0,6.0,6.0,12.0,25.0,37.0,13.0,1,480158,101.75542870530622,94.33399976750047,96.37013576892667,88.13159890948712
2017-09-01,51.67,0.9525862068965517,1.436705989110708,3.039,68.42,1280.4853737811486,16.65240792402852,0.18248638838475498,6495.96,2519.36,22405.09,5341.93,0.0,0,0,4,9,2,2,0,30,6.666666666666667,23070503.38,25539055.21,625.541578947369,3834.2,-0.02700773,2.351108492,2.5,2.5,22.06,6.9,3.2,1.7,92.872063668829,92.260678854858,33.3333320617676,44.29,48.26,58.049177372725566,6.9952969791219,7.0,4.9991869918699186,4.2,8.9,705412.397,8613.1,83.7,95.9,9260.9,14770.2,55.88178918915953,983871.0,7871.0,652397.0,256987.0,74487.0,109.54,-0.7285272946253585,3275.4587424759,19.608653,19.597165,30.367208,15.481996,60.357032,7.499204,455.63932,1.7712,2.9639,415.1903,0.8872,13.418273406608968,150379.129708233,81675.130575802,17714.251498857,42703.934552378,4.35,1.25,-0.4,4.31787066917372,2.19766666666667,0.404952380952381,127.15,108.6825,224.3,313.558,96.22,206.3844492,116.62,205.77,151.45,71.70680508061295,1.6,2.2,1.6,2.3,1.7,1.2,55.47144268158497,0.5515296440870757,92.64,94.91,15483.0,8156.333333333333,416.0688333333333,32157.9587,31239.65036666667,1806.3833333333332,2724.691666666667,2657.705,66.98673333333333,71.09473333333334,37.60796666666666,18.629,14.857766666666665,27878.098927834668,2521.8822022235668,11794.891883156333,9763323.025055,3160479.212493667,175.239428171678,174.469572881619,176.007076408813,9266,196,23,0.0,0.008928571428571428,15.986666666666666,12.783333333333333,0.028571428571428574,12.948333333333332,8.160344827586208,3.9655172413793105,9.800833333333333,11.643055555555556,1.0413793103448277,6.861666666666666,19.103333333333335,0.5,0.5,0.0,0.0,0,1,0,0,0,0,0,0,0,0,0,0,0,0,1.0,6.0,6.0,12.0,25.0,37.0,13.0,1,442503,89.83077313674542,89.51543842382173,89.95645483921118,86.88593729487515
2017-10-01,54.38,0.979355716878403,1.4795825771324864,3.1805,68.55,1269.5882352941176,16.70199624539631,0.20798548094373864,6727.67,2575.26,23377.24,5588.08,0.0,0,0,5,9,4,0,4,31,0.0,19768225.9,21940022.73,629.5465,3943.3,0.319585701,2.532506131,2.5,2.5,21.65,6.67,3.26,1.35,98.048142306458,97.240079474525,35.9848480224609,46.79,48.96,54.54504252443324,6.984697394799,7.0,4.9504065040650405,4.1,8.8,701593.4286,8622.7,105.5,95.6,9270.2,14797.4,52.84039573519111,1015781.0,7791.0,673514.0,184667.0,157600.0,109.3,-1.5341789485063595,3292.5608948115,77.862945,29.584272,78.746996,22.273553,69.873857,10.465578,435.7979,1.7535,2.8638,413.7372,0.93939,13.74993266895212,150750.936896745,81711.342056031,17795.137613151,42952.962794418,4.35,1.25,-0.4,4.4885567963366,2.35713636363636,0.426227272727273,122.190476190476,100.618571428571,226.142857142857,305.885714285714,110.98,142.533602,125.87,227.23,144.33,67.59379233026647,1.9,2.0,1.4,2.3,1.8,0.9,52.2694013336224,0.7824584326121152,98.23,96.48,15483.0,8232.444444444443,414.00333333333333,32450.197655555556,31512.99831111111,1808.1223555555555,2745.3217000000004,2672.6795666666667,72.64221111111111,71.43553333333334,37.7874,18.648355555555558,14.999777777777778,28135.336939512,2579.913674231611,11977.546742059334,10004616.978445,3214077.194149111,177.13378025064867,176.758500491221,177.51441677464132,13793,170,20,0.0,0.016129032258064516,16.675806451612903,13.696774193548388,0.00967741935483871,13.783870967741937,9.483870967741936,4.509677419354839,11.420967741935485,13.16478494623656,1.8596774193548387,8.356451612903227,21.675806451612903,0.0,1.0,0.0,0.0,0,0,0,0,0,0,0,0,0,0,0,0,0,0,1.0,6.0,6.0,12.0,25.0,37.0,13.0,2,481782,101.30267745720879,97.60550728377822,93.87069585580214,97.80088945277622
2017-11-01,57.4,0.9285390199637024,1.4314882032667877,3.1305,72.78,1275.5069667738478,16.453034702060002,0.1940562613430127,6873.97,2647.58,24272.35,5003.4,0.0,1,3,4,8,2,1,1,30,3.3333333333333335,17189603.95,18962341.48,633.767619047619,4081.2,-0.119222648,2.274219751,2.5,2.5,21.15,6.57,3.35,1.45,102.24585977453,102.0700366447,36.9718322753906,45.51,47.01,54.326638754603586,6.7039187219485,6.7,4.9,4.2,8.7,714101.6734,8712.7,106.5,96.1,9338.7,14824.5,52.04631710830535,1302812.0,10788.0,910350.0,306729.0,85733.0,110.21,-1.0834971323945175,3306.3383816265,78.665906,24.787639,54.960533,36.774245,78.86492,11.567658,463.72384,1.8486,3.09,448.53234,0.9827,13.702851181310878,152696.728625333,82799.157290499,17984.944889067,43422.236406077,4.35,1.25,-0.4,4.50840369269006,2.35213636363636,0.364227272727273,125.142857142857,102.929047619048,244.0,319.814285714286,128.2,206.0377588,111.28,229.71,150.31,67.25776274624486,1.7,2.2,1.5,2.3,1.7,0.9,51.59318353298705,0.8071108375986696,102.39,100.95,15423.0,8294.0,427.91606666666667,33049.337466666664,32135.20346666667,1882.3907333333334,2796.524733333333,2751.8549,44.669900000000005,71.82396666666666,37.95783333333333,18.661266666666666,15.204866666666666,28677.832768944336,2680.363488570567,12322.653131270667,10189664.965583,3311444.8813136667,179.02813232961932,179.047428100823,179.02175714046967,15525,194,23,0.0,0.01,18.178333333333335,12.953571428571427,0.11,15.401666666666667,9.75357142857143,1.7633333333333332,13.900833333333333,11.823511904761904,0.5566666666666666,10.851666666666667,20.90892857142857,0.0,1.0,0.0,0.0,0,0,0,0,0,0,0,0,0,0,0,0,0,0,1.0,6.0,6.0,12.0,25.0,37.0,13.0,0,517243,105.95853663246827,107.26205990236686,105.48968984130659,114.96796712729889
2017-12-01,60.42,1.0306261343012704,1.5031760435571688,3.387,78.47,1302.8317046688383,16.928485771927598,0.20326678765880218,6903.39,2673.61,24719.22,5564.6,0.0,0,0,4,10,3,2,1,31,6.451612903225806,19163576.16,21412965.97,636.923684210526,4023.8,0.000148503,2.268583722,2.5,2.5,21.34,6.5,3.48,1.42,105.76990681528,105.56764715797,34.375,42.56,44.0,55.48945826959397,6.5126532130199,6.5,5.0,4.1,8.7,711035.8339,8768.7,89.3,96.7,9379.5,14851.8,54.26109648679331,1332747.0,11578.0,936689.0,273544.0,122514.0,111.25,0.35542853946834985,3959.9540951421,114.938198,14.845131,52.994087,21.606347,46.621927,14.803271,449.74766,1.8651,2.8198,460.26282,0.95758,13.737043878634253,153092.114721151,83099.375373377,18048.337796724,43842.48219264,4.35,1.4,-0.4,4.61685930931621,2.40652380952381,0.352761904761905,117.5,106.123,229.35,312.7315,158.0,167.6842327,140.35,173.39,144.12,68.56994860749296,1.8,2.1,1.3,2.2,1.8,0.9,52.296325270905925,0.6827639080815086,103.97,121.61,15303.0,8341.0,457.8070333333333,33955.37813333333,33106.26583333334,2029.1884666666665,2878.3007666666667,2895.231,-16.930199999999996,72.26003333333334,38.11926666666667,18.66773333333333,15.473033333333333,29505.586416131668,2823.2316452404334,12830.211050790333,10318466.986469,3452582.273987333,180.92248440859,181.336355710425,180.529097506298,10582,188,39,0.0,0.0,20.26774193548387,12.775806451612903,0.013043478260869565,16.71451612903226,10.308064516129033,1.2869565217391303,16.161290322580644,12.69032258064516,1.2354166666666666,12.193548387096774,27.15967741935484,0.0,0.5,0.5,0.0,1,0,0,0,0,0,0,0,0,0,0,0,0,0,1.0,6.0,6.0,12.0,25.0,37.0,13.0,0,692690,111.0719195608342,103.89300809430526,159.86530224399428,116.63953686637116
2018-01-01,64.73,1.006578947368421,1.6009528130671506,3.3095,77.19,1345.7053087757313,17.36406083990382,0.21365698729582577,7411.48,2823.81,26149.39,5855.38,0.0,0,0,5,8,2,1,1,31,3.225806451612903,27432841.58,30034400.17,605.528636363636,4246.9,0.380729548,2.281531876,2.5,2.5,21.67,6.38,3.52,1.54,96.617677027824,96.666358286563,43.1818181818182,50.15,53.79,56.3584,6.8254374445719,6.8,5.0,4.1,8.6,726262.6781,8793.9,100.1,97.0,9438.1,14878.8,51.82,1181130.0,10292.0,891222.0,208411.0,81497.0,112.95,2.09228922545166,2521.2632213408,104.353237,32.988192,68.903825,40.648057,86.270665,9.186601,490.54014,1.9966,3.8804,494.08042,0.89976,13.75,152998.876204469,82671.635035579,18196.149362353,44112.078390779,4.35,1.5,-0.4,4.52382547305784,2.57408695652174,0.551913043478261,110.35,101.913,211.15,298.3275,96.99,265.0796087,160.97,196.44,145.73,72.07,1.5,2.1,1.3,1.9,1.8,1.0,54.17,0.5815812218427875,97.15,91.82,15096.77777777778,8243.0,467.33418888888883,34296.740877777775,33492.41808888889,2088.732133333333,2893.054911111111,2965.5477444444446,-72.49282222222222,72.61410000000001,38.259122222222224,18.673255555555556,15.681722222222222,29813.990807936003,2876.336603598544,13039.398803448888,10330498.98817489,3458914.7864497774,181.061391770882,181.457916928343,180.76284978872468,13935,170,26,0.0,0.0,21.437096774193545,12.72258064516129,0.0,17.996774193548386,9.974193548387097,0.8048387096774193,17.824193548387097,13.919623655913979,0.8112903225806452,13.891935483870967,20.13064516129032,0.0,0.0,1.0,0.0,0,0,0,0,0,0,0,0,0,0,0,0,0,0,1.0,6.0,6.0,12.0,25.0,37.0,13.0,0,893326,103.26033477722356,107.55950108286974,91.45981242963707,92.68711304584485
2018-02-01,61.64,0.9671052631578947,1.5669237749546279,3.2505,82.88,1317.4805615550756,16.410467837830563,0.23439201451905628,7273.01,2713.83,25029.2,5602.83,0.0,0,0,4,8,0,0,0,28,0.0,25036401.1,27399568.43,596.839,4064.1,0.131805063,2.090249098,2.5,2.49,22.45,6.94,3.54,1.85,92.72485042492,92.80626158923,48.4615384615385,55.17,57.38,56.1479,7.0100532120791,7.0,5.0,4.1,8.5,727274.9074,8787.1,100.9,96.6,9449.5,14905.9,54.29,1595598.0,13866.0,1298788.0,216123.0,80687.0,111.91,2.488559112093691,3126.162955,55.836392,20.16762,40.06859,11.634605,75.968869,21.075631,469.85328,1.8974,2.6721,454.74104,0.82974,13.75,153402.545518035,82835.911682891,18244.446048022,44446.207450474,4.35,1.5,-0.4,4.54648445455077,2.85805,0.72195,116.947368421053,105.496315789474,216.526315789474,308.441052631579,84.59,149.602152,114.76,135.16,119.82,72.92,2.9,2.2,1.1,2.5,1.8,1.0,51.95,0.05493258959214198,92.95,90.71,14804.333333333334,8000.0,456.49753333333337,34073.4257,33293.660233333336,2061.021733333333,2840.7871666666665,2962.8051333333337,-122.01796666666667,72.88616666666667,38.3774,18.677833333333336,15.830933333333334,29603.045944357335,2839.6783636449,12950.216389246334,10225760.970700666,3330442.418701,181.20029913317398,181.579478146261,180.99660207115133,7406,135,37,0.0,0.0,22.56607142857143,11.164285714285715,0.0,18.075,9.417857142857143,0.6160714285714286,17.770535714285714,10.500892857142857,0.5803571428571429,14.299999999999999,19.073214285714283,0.0,0.0,1.0,0.0,0,0,0,0,0,0,0,0,0,0,0,0,0,0,1.0,6.0,6.0,12.0,25.0,37.0,13.0,0,683023,94.34841407719176,97.45121883885496,85.665063982652,89.22382601281518
2018-03-01,64.94,0.908915607985481,1.4836660617059891,3.1565,81.58,1325.5215053763438,16.363594127485594,0.233983666061706,7063.44,2640.87,24103.11,5542.22,0.0,0,0,4,9,2,0,2,31,0.0,23221568.45,25919035.83,603.445238095238,4017.5,0.602989652,2.109159065,2.5,2.5,20.91,6.19,3.5,1.82,105.29301352216,105.77935516729,51.1538461538462,52.97,54.34,56.5761,7.3760875809755,7.4,5.1,4.0,8.5,731325.2337,8759.1,94.9,96.9,9456.6,14933.1,52.54,1539840.0,13440.0,1133017.0,332964.0,73859.0,111.24,2.2563841414259267,3172.8066781255,65.12685,18.693909,63.312054,25.250653,56.354575,10.949366,479.10028,1.8867,2.6918,456.11488,0.79043,13.95,155492.408125674,84394.759676766,18402.942069372,44720.657611336,4.35,1.59,-0.4,4.49329152177491,2.83868181818182,0.584636363636364,123.047619047619,114.884285714286,233.761904761905,318.834761904762,91.45,254.1363255,187.1,175.58,167.13,69.85,2.1,2.4,1.4,2.0,2.1,1.1,55.36,0.4323080974351703,105.43,104.06,14425.666666666666,7612.0,425.2970666666667,33285.4326,32509.992266666668,1946.0572666666667,2721.497533333333,2887.003166666667,-165.50563333333332,73.07623333333333,38.4741,18.681466666666665,15.920666666666667,28872.751825395666,2713.2569253795004,12562.663808182668,10004252.934046334,3067165.1707409997,181.339206495466,181.701039364179,181.230354353578,8003,213,21,0.0,0.0,20.86935483870968,11.37241379310345,0.0,16.664516129032258,9.012068965517242,3.2806451612903227,14.65967741935484,11.712356321839081,1.814516129032258,10.52741935483871,19.070689655172412,0.0,0.0,0.5,0.5,0,0,0,1,0,0,0,0,0,0,0,0,0,0,1.0,6.0,6.0,12.0,25.0,37.0,13.0,2,574260,104.69603012907737,104.50257602310728,101.70944808436248,104.96801457747986
2018-04-01,68.57,1.0260889292196007,1.4156079854809438,3.2045,83.88,1314.973884657236,16.32040893498636,0.2618874773139746,7066.27,2648.05,24163.15,5710.9,0.0,0,0,5,9,1,0,1,30,0.0,18213658.96,19732767.29,600.547619047619,3830.0,0.247269863,1.875146433,2.5,2.48,21.2,6.27,3.45,1.63,101.94477936451,103.03550266921,48.3870967741936,52.67,54.41,59.0549,6.9937939491544,7.0,4.9,4.0,8.4,718620.2701,8781.1,88.2,96.8,9441.4,14960.3,57.38,1635186.0,16271.0,1264210.0,276333.0,94643.0,111.36,3.6704515939238958,2903.466575,67.761384,23.248429,66.713436,22.56403,107.947361,15.313107,519.70782,2.0298,2.7616,501.1874,0.82258,14.35,156650.948963758,84929.461438882,18504.617022806,44979.317373884,4.35,1.75,-0.4,4.41788309908393,2.86890476190476,0.544809523809524,123.952380952381,122.442380952381,246.142857142857,322.492857142857,88.66,241.739357,139.04,150.18,155.82,73.82,1.8,2.5,1.2,2.0,2.1,0.7,55.89,0.5112551170112081,102.52,96.82,14457.444444444443,7548.333333333333,413.6332444444445,32994.79237777778,32178.519977777774,1895.5700333333334,2711.8423555555555,2860.2926111111105,-148.45025555555557,73.25291111111112,38.54842222222222,18.705511111111107,15.998977777777776,28512.54077426511,2651.2236969157557,12302.38105908422,9875934.483533433,2952004.1278267778,182.4831952360653,183.29392452911168,181.99181516456835,8210,234,32,0.0,0.0,19.416666666666668,10.831666666666667,0.020689655172413793,14.65,7.289655172413793,2.8358333333333334,11.4375,9.640833333333335,3.9299999999999997,7.926666666666667,16.743333333333332,0.0,0.0,0.0,1.0,0,0,0,0,0,0,0,0,0,0,0,0,0,0,1.0,6.0,6.0,12.0,25.0,37.0,13.0,0,436258,104.28835739696432,100.43121098454725,95.32065791526756,96.82237456799338
2018-05-01,67.04,1.0387931034482758,1.4065335753176043,3.1975,93.09,1299.5433333333333,16.438586628062236,0.2709165154264973,7442.12,2705.27,24415.84,5455.09,0.0,1,3,4,8,2,1,1,31,3.225806451612903,27616034.43,29873193.67,626.119047619047,3848.4,0.185657878,1.956299039,2.5,2.5,20.98,6.14,3.41,1.47,101.74453565763,101.88921307152,46.7741935483871,52.7,55.87,55.2308,7.3814464950714,7.4,4.8,3.8,8.3,726067.6747,8766.7,95.4,96.4,9465.3,14987.4,53.71,1694366.0,18068.0,1395477.0,218803.0,80086.0,112.92,4.927908740159226,3130.593143,97.969093,24.592135,54.803427,27.744378,68.575381,9.820886,552.38936,2.1812,2.7843,536.56378,0.91297,14.35,159164.76235699,86289.316971201,18590.37425582,45299.764455672,4.35,1.75,-0.4,4.50229473436833,2.978,0.515217391304348,135.545454545455,125.716818181818,276.772727272727,352.492272727273,106.72,210.7990925,162.28,224.52,174.46,69.46,1.8,2.8,2.0,1.9,2.2,1.2,51.88,0.3710505000976614,101.88,100.53,14899.666666666666,7809.0,421.50606666666664,33201.50503333333,32299.243366666662,1909.5600333333332,2811.821633333333,2882.6734666666666,-70.85183333333333,73.41619999999999,38.600366666666666,18.749966666666666,16.06586666666667,28522.412790965667,2653.578678253667,12169.368141951001,9840805.619161965,2984959.289958333,183.62718397666467,184.88680969404433,182.75327597555867,11025,240,22,0.0,0.0,17.746774193548386,10.751612903225807,0.0,13.380645161290323,7.512903225806451,2.8271505376344086,10.27258064516129,8.64247311827957,1.903225806451613,6.169354838709677,13.883870967741935,0.0,0.0,0.0,1.0,0,0,1,0,0,0,0,0,0,0,0,0,0,0,1.0,6.0,6.0,12.0,25.0,37.0,13.0,1,329515,102.42279169257982,103.73797782422236,99.75456657274466,98.97591948961274
2018-06-01,74.15,0.9672186932849365,1.2953720508166968,3.0775,85.38,1252.988210075027,16.1028953965674,0.2583030852994555,7510.3,2718.37,24271.41,5301.25,0.0,0,0,4,9,1,0,1,30,0.0,25957990.02,27998679.87,636.146190476191,3686.8,0.16144843,2.100132304,2.5,2.5,21.29,6.05,3.34,1.65,98.520778860243,98.736968895882,43.0769230769231,53.16,55.05,58.3555,7.5137144929646,7.5,4.8,4.0,8.2,736853.7424,8755.5,88.9,96.5,9466.9,15014.6,55.55,1425943.0,14461.0,1125222.0,204253.0,96468.0,114.27,6.970389418787848,2964.018783,103.353609,20.579239,55.678218,27.816178,98.864808,13.022853,528.90198,2.1021,2.9391,517.3036,0.88043,14.35,160793.239226102,87137.3583833,18666.342906389,45673.640412107,4.35,1.9,-0.4,4.57651645016534,2.91371428571429,0.395,142.190476190476,131.378571428571,300.809523809524,376.937142857143,94.42,203.0892821,134.4,233.21,176.4,71.18,1.9,2.9,2.0,1.9,2.3,1.0,56.03,0.42756390957718526,98.51,98.64,15752.333333333334,8394.0,448.9155333333333,33905.57056666667,32872.162433333324,1988.0272666666667,3021.435366666667,2954.1457333333333,67.28963333333333,73.5661,38.629933333333334,18.814833333333336,16.121333333333336,28902.367875497333,2720.3218693932336,12163.625056783,9898866.340931932,3166030.657135667,184.771172717264,186.479694858977,183.514736786549,8355,236,34,0.0,0.03571428571428571,15.996666666666666,10.361666666666668,0.9607142857142856,11.24,7.463333333333334,2.5620689655172413,7.242500000000001,9.856388888888889,3.472413793103448,2.3616666666666664,13.941666666666666,0.5,0.0,0.0,0.5,0,0,0,0,1,0,0,0,0,0,0,0,0,0,1.0,6.0,6.0,12.0,25.0,37.0,13.0,2,281417,99.53452122057243,95.79803834388012,94.86761378883301,99.03420817786966
2018-07-01,68.76,0.9435117967332124,1.1935117967332123,2.9595,89.55,1224.0083769633507,15.521963138046422,0.20662431941923773,7671.79,2816.29,25415.19,5434.44,0.0,0,0,5,9,2,0,2,31,0.0,30225195.23,32521094.67,652.407,3465.7,0.093321224,2.090482952,2.5,2.49,20.98,6.23,3.33,1.57,93.850899772747,93.199234476498,46.1864406779661,50.31,52.16,58.0991,7.8534584611052,7.9,5.1,3.8,8.1,750460.335,8708.7,88.5,96.6,9451.0,15041.7,55.95,968531.0,7497.0,633080.0,237152.0,98299.0,113.55,4.3652011830729975,2836.77649879723,94.58229,22.668349,60.987929,32.628733,85.200138,10.298346,538.86232,2.0958,2.7977,520.97598,0.93888,13.75,161221.28488779,87318.713103765,18766.560960621,45936.223102749,4.35,2.0,-0.4,4.56486113503322,2.886,0.355636363636364,136.904761904762,134.257142857143,290.666666666667,364.858571428571,117.41,395.6720601,176.21,208.27,220.67,71.94,2.1,2.9,2.2,1.9,2.4,1.1,55.66,0.4368062104971842,93.68,95.36,16404.666666666668,8830.22222222222,456.92080000000004,34256.97348888889,33189.58242222222,2022.0061888888888,3089.3972444444444,2979.6486,109.74864444444444,73.75433333333332,38.69464444444444,18.871688888888887,16.188000000000002,29097.577405968666,2748.4361941899556,12143.315004351554,9964244.693765366,3244028.989310766,186.69722822104734,188.8413934162687,185.07046030981633,7938,273,33,0.0,0.016666666666666666,15.346774193548388,10.833870967741936,0.2161290322580645,11.393548387096773,7.993548387096775,1.863709677419355,7.154032258064516,9.551612903225807,0.8112903225806453,2.295161290322581,13.350000000000001,1.0,0.0,0.0,0.0,0,0,0,0,0,0,0,0,0,0,0,1,0,0,1.0,6.0,6.0,12.0,25.0,37.0,13.0,0,409798,92.18069428307278,87.69900386518755,91.39625881918721,87.80194032905625
2018-08-01,69.8,0.9641560798548094,1.1213702359346642,2.783,82.29,1200.5671487603306,14.533039041592678,0.1985480943738657,8109.54,2901.52,25964.82,5270.43,0.0,0,0,4,8,1,0,1,31,0.0,35432545.99,39175823.22,656.250909090909,3342.6,0.05925713,2.052897132,2.5,2.5,20.46,6.32,3.23,1.66,98.15572394113,98.27278484913,45.0892857142857,48.99,50.82,52.9253,7.7190711079047,7.7,5.0,3.8,8.0,742884.096,8707.2,90.7,96.5,9435.5,15069.4,51.48,1327135.0,10916.0,860102.0,330474.0,136559.0,113.52,4.429069754605974,2702.517738,57.188525,25.344852,58.875621,27.064329,96.696796,15.558957,535.32204,2.1137,2.9591,531.9667,0.97452,13.75,163689.739115541,88775.140863936,18972.618991502,46342.329798843,4.35,2.0,-0.4,4.47796612963891,2.88821739130435,0.360608695652174,139.391304347826,129.47652173913,329.0,383.058260869565,121.7,269.4765344,114.96,166.83,178.7,65.87,2.3,2.7,2.1,2.0,2.2,1.0,50.09,0.5257290938991838,98.12,98.47,16856.666666666668,9117.666666666666,445.52186666666665,34255.7138,33251.503333333334,2011.4968,3015.707266666667,2959.1820666666667,56.52519999999998,73.9809,38.7945,18.92053333333333,16.265866666666664,29108.041382379666,2737.9216526438336,12108.437984656666,10036940.677662266,3218954.286483633,188.62328372483066,191.20309197356033,186.62618383308367,7192,272,24,0.0,0.0,15.44032258064516,11.44032258064516,0.01935483870967742,11.866129032258065,8.014516129032257,3.2225806451612904,8.393548387096773,10.545967741935485,1.6225806451612903,5.293548387096774,15.90967741935484,1.0,0.0,0.0,0.0,0,0,0,0,0,0,0,0,0,0,0,1,0,0,1.0,6.0,6.0,12.0,25.0,37.0,13.0,0,372443,102.3045794202925,100.25062894908356,98.14041724101695,101.23524046415935
2018-09-01,73.25,0.9416969147005445,1.178312159709619,2.8835,76.38,1191.4681724845996,14.656537718334407,0.15626134301270417,8046.35,2913.98,26458.31,5283.53,0.0,0,0,4,10,3,2,1,30,6.666666666666667,32476191.21,35998612.089999996,680.914705882353,3305.6,0.071462066,2.15341556,2.5,2.5,21.32,5.98,3.22,1.69,94.33619961817,93.741320056366,46.0526315789474,51.89,54.75,54.5715,7.4702905165262,7.5,4.9,3.7,8.0,742466.3921,8710.9,79.8,97.1,9414.2,15097.5,51.98,878764.0,8557.0,679900.0,128109.0,70755.0,111.53,1.8174764017454548,2785.623358,72.501382,33.824222,79.444351,16.77754,56.954497,16.708141,536.29958,2.2079,2.9975,560.28894,1.05685,13.75,164056.485097121,89204.980325289,19052.451560258,46676.205775213,4.35,2.04,-0.4,4.50097858307288,2.99525,0.44315,133.157894736842,128.972631578947,316.421052631579,384.580526315789,126.3,314.0877032,120.99,204.8,194.07,68.11,2.5,2.3,2.1,1.7,2.2,1.0,51.55,0.4580126879746877,94.08,96.67,17108.333333333332,9256.333333333334,414.7187333333333,33901.7915,33057.92516666666,1956.4991,2800.365433333334,2892.7461333333335,-92.3807,74.24579999999999,38.9295,18.961366666666667,16.354933333333335,28933.759804730333,2688.778244754867,12058.993997698335,10116954.292622633,3090806.548654267,190.549339228614,193.564790530852,188.181907356351,6314,287,26,0.0,0.0,16.426666666666666,12.526666666666667,0.010714285714285714,13.610000000000001,9.244827586206897,4.113333333333333,10.299166666666668,12.653333333333334,2.403448275862069,6.191666666666666,15.46,0.5,0.5,0.0,0.0,0,1,0,0,0,0,0,0,0,0,0,1,0,0,1.0,6.0,6.0,12.0,25.0,37.0,13.0,1,351607,83.76493224812161,84.90885962085325,90.36475396673887,88.7270035537384
2018-10-01,65.31,0.8840744101633394,1.1277223230490019,2.7545,76.85,1216.8150537634408,14.28457101021194,0.1413339382940109,7305.9,2711.74,25115.76,5104.33,0.0,1,3,5,8,3,0,3,31,0.0,29229685.48,32371168.56,676.840909090909,3168.4,0.219790172,2.051795781,2.6,2.6,20.13,6.01,3.17,1.63,102.24211305194,102.38777026822,47.9838709677419,49.28,53.55,56.2347,7.4119068299065,7.4,4.9,3.8,8.0,746324.9367,8773.8,91.3,96.7,9476.2,15125.7,55.4,1928613.0,16314.0,1335836.0,514072.0,78705.0,112.65,3.0608137162514426,3091.842232,139.219907,14.808961,40.561372,51.415399,80.506104,21.940299,520.57968,2.282,3.2883,583.3536,0.95871,13.75,165895.193433321,89863.317777871,19289.991502703,47074.83585337,4.35,2.25,-0.4,4.56872659755658,3.15617391304348,0.460130434782609,129.318181818182,128.700909090909,298.909090909091,377.639090909091,93.88,343.3703494,136.11,246.06,219.5,68.81,2.5,2.5,2.3,1.8,2.1,1.2,53.09,0.5256559576472172,102.15,103.1,17129.666666666668,9232.88888888889,397.7497888888888,34057.44307777778,33269.486000000004,1929.3972777777778,2717.354366666667,2869.2467444444446,-151.8923888888889,74.58201111111111,39.07278888888889,19.00005555555555,16.50916666666667,29108.507861983107,2703.5310344963,12195.917942605776,10299167.86497399,3123480.830013033,191.586235007085,194.208646916376,189.555986368233,9370,286,29,0.0,0.04666666666666666,17.653225806451612,12.983870967741936,0.06666666666666667,14.041935483870969,10.338709677419354,3.4387096774193546,11.384677419354839,11.873118279569892,1.0725806451612903,8.198387096774194,16.98548387096774,0.0,1.0,0.0,0.0,0,0,0,0,0,0,0,0,0,0,0,1,0,0,1.0,6.0,6.0,12.0,25.0,37.0,13.0,2,369372,110.87859364203916,108.85220465484862,103.22527174027917,115.19535354891255
2018-11-01,50.93,0.8880444646098004,1.1506352087114338,2.823,78.83,1222.195464362851,14.177038707252914,0.1469600725952813,7330.54,2760.17,25538.46,5111.88,0.0,0,0,4,8,2,0,2,30,0.0,20174940.03,22053895.14,677.612,3208.5,0.060888212,2.235821548,2.75,2.75,20.71,6.05,3.23,1.62,105.62254442354,104.94790507465,45.3389830508475,45.95,49.01,54.8936,7.3111275021128,7.3,4.8,3.8,7.9,759613.9363,8829.0,94.3,97.2,9525.4,15153.8,54.51,1141979.0,9611.0,813642.0,216267.0,112070.0,112.11,1.7264344913065832,2941.804529,71.159028,16.839324,69.327019,29.337175,72.996012,20.465972,406.18108,1.9616,4.135,497.56786,0.7455,13.35,167166.285014869,90742.530342916,19532.64138636,47545.128217542,4.35,2.25,-0.4,4.46159661644441,3.11577272727273,0.383318181818182,146.3,133.6325,316.2,404.71,121.59,438.2358972,164.94,231.17,244.23,66.94,2.2,2.2,1.9,1.8,2.2,0.9,51.26,0.4490612686273426,106.09,101.39,16920.666666666668,9047.333333333334,394.6150333333333,34722.66853333334,33886.18583333333,1930.1913333333334,2766.6740666666665,2888.6839,-122.00986666666667,74.98953333333333,39.22436666666667,19.036599999999996,16.728566666666666,29632.285554137998,2782.1800218681333,12519.209819379,10583581.394716334,3316977.130559933,192.623130785556,194.8525033019,190.930065380115,9554,359,27,0.0,0.005,19.501666666666665,13.370000000000001,0.0,16.463333333333335,11.661666666666667,3.078333333333333,13.759166666666665,12.170833333333333,1.5016666666666665,10.595,21.138333333333332,0.0,1.0,0.0,0.0,0,0,0,0,0,0,0,0,0,0,0,1,0,0,1.0,6.0,6.0,12.0,25.0,37.0,13.0,2,463974,105.7376164427648,104.95301190940528,99.7270440725636,114.00125610212164
2018-12-01,45.41,0.838475499092559,1.1098003629764066,2.6785,72.27,1279.6826280623607,15.452485645514809,0.15086206896551724,6635.28,2506.85,23327.46,5105.43,0.0,0,0,5,10,2,1,1,31,3.225806451612903,24638106.7,27237979.6,681.986842105263,3127.0,-0.028874973,2.206149202,2.75,2.75,20.58,6.18,3.28,1.19,108.94688433515,108.53732559542,48.3333333333333,43.48,48.81,53.3518,7.1464633153887,7.1,4.9,3.9,7.8,769465.2124,8914.2,85.5,97.8,9600.3,15182.1,51.67,1345929.0,11198.0,922589.0,325295.0,98045.0,113.76,2.2565285434725357,3428.321047,35.578411,20.928905,71.989276,32.764006,66.091923,22.750917,356.2737,1.6853,3.9542,417.77946,0.68001,13.35,168548.386140071,91402.661270019,19630.781323176,47976.332550259,4.35,2.36,-0.4,4.33986256553904,2.83280952380952,0.252714285714286,159.473684210526,140.379473684211,334.052631578947,422.332105263158,132.34,248.4691029,226.58,275.71,268.0,64.94,1.9,1.9,1.5,1.8,2.2,0.9,51.35,0.45829875375486756,107.44,122.45,16481.333333333332,8699.666666666666,405.31446666666665,35897.46786666667,34908.024666666664,1958.8812666666665,2948.324533333333,2951.0576,-2.733133333333337,75.46836666666667,39.384233333333334,19.070999999999998,17.013133333333332,30505.092881195,2924.725206870367,13028.869628018001,10970194.881849667,3671295.4502949663,193.660026564027,195.496359687424,192.304144391997,11124,290,48,0.0,0.0,20.175806451612903,13.516129032258064,0.0,17.358064516129033,11.290322580645162,0.9945161290322581,15.999193548387098,11.877956989247311,0.6048387096774194,13.358064516129033,21.011290322580646,0.0,0.5,0.5,0.0,1,0,0,0,0,0,0,0,0,0,0,1,0,0,1.0,6.0,6.0,12.0,25.0,37.0,13.0,0,557935,96.58313467009992,103.85576790314043,148.36909138671777,111.327750130396
2019-01-01,53.79,0.8647912885662432,1.2357078039927405,2.838,74.24,1321.8036951501156,16.049493844816467,0.18883847549909255,7281.74,2704.1,24999.67,5405.61,0.0,0,0,4,8,1,1,0,31,3.225806451612903,33233115.880000003,35931962.72,677.061818181818,3112.9,0.38692785,2.21246022,2.76,2.76,21.55,6.28,3.24,1.33,98.53067226395,99.222199986117,49.5762711864407,47.79,50.67,55.3865,7.1295721723762,7.1,5.1,4.0,7.8,743712.1505,8928.0,101.2,98.5,9613.3,15210.0,53.93,1640346.0,14164.0,1211991.0,335508.0,92847.0,111.7,-1.1063341525777926,2478.8299931,54.30237486,21.37113442,48.56179698,29.37106848,99.97083001,12.14286063,359.36484,1.7819,3.0795,437.5152,0.66559,13.25,168171.39220955,90887.778176069,19783.876074826,48286.273456103,4.35,2.5,-0.4,4.49064911969407,2.7084347826087,0.206869565217391,148.380952380952,134.148571428571,318.714285714286,400.528095238095,142.34,288.099468498562,284.14,247.68,260.81,66.55,1.7,1.6,1.4,1.9,2.2,1.1,53.38,0.5149303514402916,98.92,95.07,16213.11111111111,8449.555555555555,409.5839555555555,36438.829244444445,35262.325399999994,1970.8577222222223,3147.361655555556,2987.360355555555,160.0012222222222,75.79915555555556,39.490655555555556,19.075377777777778,17.23311111111111,30817.40751173389,2968.135530114612,13219.525134922556,11125528.580682445,3790096.823176989,194.093134814685,195.66924606071265,192.97247810060168,12433,316,27,0.0,0.004838709677419355,21.993548387096773,12.035483870967743,0.0,17.85967741935484,12.069354838709677,0.5774193548387097,16.088548387096775,12.266935483870967,0.8129032258064516,12.088709677419354,22.943548387096776,0.0,0.0,1.0,0.0,0,0,0,0,0,0,0,0,0,1,0,1,0,0,1.8,6.0,6.3,11.2,24.7,36.0,14.0,0,625376,106.1192871496633,111.6366853381657,94.93882777561195,99.46691173552301
2019-02-01,57.22,0.8659255898366606,1.2511343012704175,2.9845,72.77,1314.81387283237,15.625664628700967,0.17495462794918332,7532.53,2784.49,25916.0,5287.54,0.0,0,0,4,8,0,0,0,28,0.0,23507586.34,26131323.87,656.3045,3472.3,0.231384085,2.31410841,3.0,3.0,22.14,6.78,3.23,1.59,93.213286243299,94.363682682697,47.8571428571428,50.0,54.17,54.2343,7.0342779076251,7.0,5.3,3.8,7.8,758106.1341,8907.6,91.3,98.6,9581.6,15238.2,53.8,1260986.0,10380.0,844122.0,274795.0,142069.0,112.27,0.32258352768765874,2494.4218170022,42.96994104,21.655870311,64.402383319,23.49183966,60.2299985,17.42218402,402.21808,1.9054,2.7171,473.39356,0.67067,13.35,168905.373493893,91308.365356008,19835.307500746,48511.196417373,4.35,2.5,-0.4,4.3912617986965,2.6728,0.12755,135.578947368421,124.057894736842,302.315789473684,372.779473684211,90.45,239.986444362618,123.64,230.15,204.21,65.62,1.5,1.5,1.5,1.8,2.1,1.0,50.69,0.1484377048273796,93.3,92.45,16116.0,8297.0,407.42349999999993,36346.75266666667,34949.08803333333,1966.1207000000002,3363.785433333333,2997.592166666667,366.1932,75.9819,39.54363333333334,19.049733333333336,17.388499999999997,30569.229445754667,2912.410991600867,13091.176340092667,11049582.491214668,3673381.2492060005,194.526243065343,195.84213243400134,193.64081180920633,9267,245,40,0.0,0.017857142857142856,22.59107142857143,12.049999999999999,0.0,18.30535714285714,11.107142857142858,0.2414285714285714,17.65,11.896428571428572,0.6267857142857143,13.298214285714286,19.485714285714288,0.0,0.0,1.0,0.0,0,0,0,0,0,0,0,0,0,1,0,1,0,0,1.8,6.0,6.3,11.2,24.7,36.0,14.0,0,436778,99.08710861837665,99.32276644517215,93.11649967742005,93.1290144887064
2019-03-01,60.14,0.867059891107078,1.320893829401089,2.9815,77.58,1291.5385500575373,15.141683418102346,0.16343012704174228,7729.32,2834.4,25928.68,5259.41,0.0,0,0,4,10,0,0,0,31,0.0,18844584.8,20752799.9,667.678571428572,3776.5,0.640826796,2.352589112,3.0,3.0,20.95,6.8,3.18,1.66,106.42584328097,107.66498155363,54.5774647887324,47.74,54.01,58.0696,7.23627924029,7.2,5.2,3.8,7.7,752305.0964,8879.1,99.8,99.0,9571.7,15266.3,54.86,1294461.0,11674.0,1004906.0,218706.0,70849.0,112.57,1.1921563269144064,2844.5976354804,30.57152883,5.6368461808,27.268816309,34.76585923,83.61268917,10.65309782,477.85854,1.9413,2.935,479.47016,0.66774,13.25,170425.316036449,92040.679403259,19970.940940296,48817.951549051,4.35,2.5,-0.4,4.25707907564316,2.56971428571429,0.0551904761904762,132.761904761905,117.728095238095,314.238095238095,370.900952380952,107.1,411.150064266454,180.63,229.38,248.96,67.61,2.3,1.9,1.4,1.8,2.0,0.8,57.54,0.21330410733368965,106.58,105.1,16190.0,8242.0,398.8331,35621.23813333333,33968.31256666666,1944.6702000000002,3597.5958666666666,2981.753033333333,615.8428,76.0166,39.54316666666667,18.99406666666667,17.4793,29760.55868325733,2757.5515913291333,12643.823243528333,10742356.613446334,3321148.7283820002,194.959351316001,196.01501880729,194.309145517811,10437,327,32,0.0,0.016666666666666666,20.979032258064517,11.608064516129033,0.0,16.212903225806453,9.633870967741935,0.838,14.809032258064516,10.948655913978493,2.1783333333333332,11.350000000000001,18.711290322580645,0.0,0.0,0.5,0.5,0,0,0,1,0,0,0,0,0,1,0,1,0,0,1.8,6.0,6.3,11.2,24.7,36.0,14.0,2,454800,107.24686746947482,112.26056464947483,109.23915415925353,113.7786137740434
2019-04-01,63.91,0.8135208711433757,1.2815335753176043,2.979,76.77,1283.2768878718534,14.947477843672951,0.15480943738656988,8095.39,2945.83,26592.91,5187.1,0.0,0,0,5,8,3,0,3,30,0.0,15610305.87,17138914.26,667.399047619048,4014.0,0.282297896,2.388352778,3.0,3.0,21.04,6.33,3.04,1.91,103.49013120118,104.99477788808,52.2388059701493,44.44,52.08,49.0985,7.0963377412054,7.1,5.0,3.7,7.7,760344.0149,8916.0,94.6,99.4,9597.1,15294.6,44.74,1409312.0,12168.0,969738.0,304758.0,134816.0,112.78,1.2751436781609282,2563.4884274169,63.11897438,23.386892018,54.504905522,26.53083704,47.78144789,8.76608485,525.0975,2.0102,2.646,495.375,0.64364,12.75,171573.326993664,92533.225858081,20127.572642643,49222.652432316,4.35,2.5,-0.4,4.11789574673958,2.53040909090909,0.011,127.761904761905,111.219047619048,323.952380952381,364.130952380952,139.3,319.414764482013,109.69,214.2,190.06,66.44,2.5,2.0,1.7,1.7,2.1,1.3,45.97,0.018910350201683215,103.95,99.47,16341.88888888889,8249.888888888889,388.1986444444444,35314.288588888885,33530.578288888886,1971.784411111111,3755.4948000000004,3012.5761333333335,742.9186555555556,76.14142222222222,39.618833333333335,18.979022222222223,17.543488888888888,29337.005335125443,2671.3771269500335,12345.547251827333,10539806.058873557,3151412.8663647776,194.67664887546468,195.69110443559066,194.06327729597734,9861,337,49,0.0,0.0,19.658333333333335,11.206666666666667,0.01,14.97,8.576666666666666,0.8831666666666665,12.184333333333335,8.752222222222223,2.7616666666666663,8.986666666666668,18.098333333333336,0.0,0.0,0.0,1.0,0,0,0,0,0,0,0,0,1,1,0,1,0,0,1.8,6.0,6.3,11.2,24.7,36.0,14.0,0,377684,107.98888093918781,104.75030830197005,98.53067772433272,109.17875764398363
2019-05-01,53.5,0.8136343012704175,1.1448502722323048,2.708,68.17,1305.1806526806524,14.582074587218084,0.13861161524500906,7453.15,2752.06,24815.04,4977.09,0.0,1,3,4,8,2,1,1,31,3.225806451612903,20472724.919999998,22569364.29,692.00380952381,3659.6,0.09163351,2.292261179,3.0,3.0,20.59,5.65,2.9,1.84,103.20891402847,104.28031248611,46.5753424657534,44.09,50.56,50.6804,7.2322801999576,7.2,5.0,3.7,7.6,761555.9573,8925.3,90.0,98.7,9621.1,15322.6,50.74,1920877.0,16677.0,1498112.0,238541.0,184224.0,113.51,0.5254315792083908,2863.4293766497,87.38899576,23.664170323,70.067835777,18.375639488,64.00835285,10.53711948,495.6392,1.9846,2.6279,490.56656,0.57965,12.05,173818.23437031,93709.548726565,20194.263787121,49716.5174496,4.35,2.5,-0.4,4.04368669711571,2.38804347826087,-0.0813478260869565,132.136363636364,111.614545454545,333.727272727273,376.5,125.87,365.101499996138,160.86,196.31,238.22,61.28,2.7,1.8,1.2,1.6,2.0,0.8,48.02,-0.611457325626973,103.34,102.07,16571.666666666668,8320.666666666666,375.52013333333326,35425.90403333333,33635.8852,2047.4633333333334,3837.4822333333336,3090.0614666666665,747.4207666666666,76.35636666666666,39.770633333333336,19.0046,17.58106666666667,29298.569401359,2653.887598463567,12196.348364989666,10441930.827496335,3164173.6631543334,194.39394643492832,195.36719006389134,193.81740907414365,14025,345,45,0.0,0.0,17.238709677419354,10.333870967741934,0.24516129032258063,13.388709677419355,8.850000000000001,3.668064516129032,10.479516129032259,10.25510752688172,1.393548387096774,6.445161290322581,15.620967741935484,0.0,0.0,0.0,1.0,0,0,1,0,0,0,0,0,0,0,0,1,0,0,1.8,6.0,6.3,11.2,24.7,36.0,14.0,0,306465,105.29672195826873,102.8895562212946,108.75520537163314,110.32172256451862
2019-06-01,58.47,0.8168103448275862,1.130784936479129,2.7895,65.73,1392.4411764705883,15.191892180981922,0.1719147005444646,8006.24,2941.76,26599.96,5070.71,0.0,0,0,4,10,1,0,1,30,0.0,22313961.81,24377634.650000002,692.409,3713.3,0.055614156,2.18417541,2.63,2.62,20.74,5.41,2.78,1.63,99.125098034309,99.874756042662,46.6216216216216,43.25,50.16,49.303,7.2538126303226,7.3,5.1,3.6,7.5,758876.1404,8922.6,91.0,98.5,9620.5,15351.0,50.11,1418268.0,13314.0,1105002.0,249497.0,63769.0,113.45,-0.7169904777573621,2563.57486695,39.3154955,18.040605974,38.794947006,16.901796954,67.81781787,8.65503988,450.24964,1.8046,2.3965,444.06736,0.44839,11.05,173947.676706429,93657.771326007,20182.88986349,50280.207700885,4.35,2.5,-0.4,3.4810926434035,2.0733,-0.26775,137.1,114.3565,327.75,373.9435,153.42,649.072535816154,207.99,205.54,313.39,60.97,2.7,1.6,1.3,1.6,2.1,1.1,46.04,-0.4634593600951769,99.4,96.74,16879.333333333332,8454.333333333334,360.7975666666666,35956.084466666674,34284.2333,2171.7069666666666,3843.558166666667,3214.209033333334,629.3491333333333,76.66143333333333,39.99856666666667,19.070800000000002,17.592033333333333,29645.250881958,2705.083005869734,12196.226583015334,10448730.919314668,3359431.1187506667,194.111243994392,195.043275692192,193.57154085231,15327,381,28,0.0,0.0,16.358333333333334,10.75,0.22068965517241382,12.18,9.370000000000001,7.026166666666667,8.9965,11.349722222222223,3.5116666666666663,4.105,13.575,0.5,0.0,0.0,0.5,0,0,0,0,1,0,0,0,0,0,0,1,0,0,1.8,6.0,6.3,11.2,24.7,36.0,14.0,5,299955,99.37676316605416,93.49380554231679,94.39457074582795,107.50688410193823
2019-07-01,58.58,0.8147686025408348,1.106964609800363,2.7515,63.88,1412.1581632653063,16.261265495564302,0.15603448275862067,8175.42,2980.38,26864.27,4972.36,0.0,0,0,5,8,1,0,1,31,0.0,21094097.77,23071993.1,686.059545454546,3834.0,0.19483253,2.28780719,2.5,2.49,20.49,5.6,2.55,1.42,96.527595848572,96.62663076593,45.8333333333333,44.31,50.36,51.3569,7.5486410796646,7.5,5.3,3.6,7.5,766060.3762,8910.6,97.3,99.0,9638.1,15379.0,50.55,1478712.0,13544.0,1039732.0,260634.0,178346.0,114.34,0.6950193217485134,2531.4605168553,77.22937684,10.936005638,66.908627772,29.365998042,72.1405147,9.44395704,484.48996,1.8743,2.36,466.94708,0.4875,10.55,174877.921320462,93858.059781032,20277.338874672,50802.515724374,4.35,2.49,-0.4,3.15726234130712,2.0505652173913,-0.339130434782609,129.454545454545,107.498636363636,296.318181818182,353.812272727273,117.08,375.902337503833,207.75,229.74,259.1,61.67,2.8,1.8,1.0,1.6,2.2,0.9,49.44,-0.44240110842710634,96.54,96.38,17060.888888888887,8521.77777777778,352.15482222222226,36204.07442222222,34664.493500000004,2240.2441555555556,3779.825088888889,3276.101488888889,503.72360000000003,76.96321111111111,40.21715555555556,19.12376666666667,17.62227777777778,29820.51841681411,2719.716825357367,12198.290188609333,10528329.158120222,3471447.0288835447,196.33076966899634,198.488115851305,194.68624453578133,11445,362,45,0.0,0.008064516129032258,15.398387096774194,10.745161290322581,0.0,11.508064516129032,8.709677419354838,4.437096774193549,8.61741935483871,12.283602150537636,2.011290322580645,4.216129032258064,13.153225806451612,1.0,0.0,0.0,0.0,0,0,0,0,0,0,0,0,0,0,0,1,0,0,1.8,6.0,6.3,11.2,24.7,36.0,14.0,2,376029,104.31356704164321,101.72716003764918,97.31036898756189,104.82756892666623
2019-08-01,55.1,0.7944646098003629,1.0068058076225046,2.625,58.88,1522.8893499308435,18.35142838094603,0.16991833030852996,7962.88,2926.46,26403.28,4804.37,0.0,0,0,4,9,1,0,1,31,0.0,25813969.919999998,28262227.57,713.703333333333,3735.9,0.035188565,2.263202562,2.5,2.5,19.77,5.68,2.38,1.8,101.65378827625,101.65600845474,47.6027397260274,45.87,51.02,48.3493,7.5718079861493,7.6,5.2,3.7,7.4,759290.8227,8928.0,83.3,99.0,9659.4,15406.7,49.88,1139912.0,10353.0,806569.0,246449.0,86894.0,114.6,0.950040300735977,3058.1881934023,34.45706839,14.267988884,55.478785486,25.788939574,58.84116524,10.84729925,435.29592,1.7874,2.2243,442.21796,0.40375,9.55,177300.970437026,95324.067455332,20449.450154195,51269.990066074,4.35,2.25,-0.4,2.70412565901785,1.62527272727273,-0.625227272727273,135.590909090909,110.136818181818,325.0,372.216818181818,202.29,395.985799059666,282.52,277.04,315.01,59.36,2.8,1.7,1.0,1.5,2.4,0.9,45.28,-0.28122212579061956,101.65,101.71,17116.333333333332,8523.0,349.59189999999995,36169.8739,34776.6658,2253.0749,3646.283000000001,3275.7388333333333,370.5441666666666,77.2617,40.4264,19.1635,17.6718,29824.372005927333,2697.789056926467,12202.539181771666,10680725.543913,3500221.3935529664,198.55029534360065,201.932956010418,195.80094821925266,16689,335,28,0.0,0.0,15.401612903225805,11.95483870967742,0.0,12.859677419354838,9.824193548387097,2.216774193548387,8.566451612903226,10.083870967741936,1.488709677419355,4.70483870967742,16.585483870967742,1.0,0.0,0.0,0.0,0,0,0,0,0,0,0,0,0,0,0,1,0,0,1.8,6.0,6.3,11.2,24.7,36.0,14.0,0,322858,107.14820652658194,102.69771239004473,104.30557916107473,99.93153027564081
2019-09-01,54.07,0.7810798548094374,1.0789473684210527,2.654,60.74,1472.87027027027,17.037250089881667,0.16656079854809439,7999.33,2976.74,26916.83,5059.04,0.0,0,0,5,9,3,2,1,30,6.666666666666667,23362341.36,25569087.4,718.442222222222,3904.3,0.106605407,2.299115604,2.06,2.05,19.96,4.99,2.17,1.58,97.27123442247,97.028113751014,42.6470588235294,46.4,50.74,44.1026,7.3372973397862,7.3,5.2,3.5,7.4,787463.3282,9000.1,78.7,99.2,9712.7,15433.9,44.26,1384056.0,14052.0,1057486.0,238240.0,88330.0,115.32,3.3955003411549445,2768.0878272554,47.49885926,5.0274249116,35.753464248,16.629827068,29.98739001,15.59537221,440.31572,1.9001,2.58,473.3143,0.44833,9.45,179070.683854498,96566.045392323,20496.861070104,51689.292335767,4.35,2.14,-0.46,2.71050799688033,1.68776190476191,-0.569,131.4,108.654,299.8,345.5875,208.92,347.394796595017,186.64,245.14,271.74,54.27,3.0,1.7,0.8,1.5,2.4,1.0,40.74,0.14371267000642807,97.32,96.81,17045.666666666668,8458.0,353.1088,35853.4829,34620.7502,2210.1992,3442.9319,3213.1210666666666,229.81083333333336,77.5569,40.6263,19.189999999999998,17.7406,29656.811649297666,2639.2997005770335,12208.973562502333,10905920.076692998,3445754.2127589337,200.769821018205,205.377796169531,196.915651902724,12470,431,34,0.0,0.008333333333333333,15.706666666666667,12.718333333333334,0.0,12.661666666666667,10.689655172413794,1.6713333333333333,9.654,11.2775,0.5883333333333333,6.388333333333334,19.2,0.5,0.5,0.0,0.0,0,1,0,0,0,0,0,0,0,0,0,1,0,0,1.8,6.0,6.3,11.2,24.7,36.0,14.0,2,288537,90.12828617898622,88.64667684026624,93.12553145637877,104.40908426741376
2019-10-01,54.18,0.7962794918330308,1.1263611615245008,2.703,64.38,1511.750677506775,18.090707139498306,0.17976406533575318,8292.36,3037.56,27046.23,4744.13,0.0,1,3,4,8,2,0,2,31,0.0,23260876.69,25534963.37,721.032272727273,3894.7,0.249932519,2.329883334,1.94,1.94,19.38,4.9,1.99,1.64,97.841267235077,97.730181445207,45.8955223880597,47.15,51.52,47.7602,7.1410798092785,7.1,5.1,3.6,7.4,795807.6503,8994.4,88.6,98.4,9686.0,15461.4,47.44,1329047.0,12261.0,966432.0,322274.0,40341.0,114.24,1.4146023178704947,2478.12154586,63.7525663,38.349050253,88.405946316,28.54431294,60.44707098,12.72457617,429.9855,1.8717,2.3313,468.84932,0.4661,8.85,180409.225913606,97417.40852535,20510.072152423,51958.879840104,4.35,1.98,-0.5,2.94376927641453,1.70291304347826,-0.447,136.181818181818,110.195454545455,300.5,335.404545454545,195.69,234.095232475743,159.51,250.57,256.87,59.97,3.8,1.8,0.7,1.5,2.3,1.1,44.59,0.10023565977000257,98.05,96.05,16507.111111111113,8196.456261747493,374.1506,35963.27234444444,34672.57656666666,2203.3313555555555,3494.0271333333335,3173.0878444444443,320.9392888888888,77.81024444444444,40.86736666666667,19.16893333333333,17.773944444444442,29600.944260959,2607.2187972549223,12320.246748679443,11165332.830776222,3520760.2509084665,201.66672262779034,206.780161079193,197.356766232162,19686,435,36,0.0,0.0,16.817741935483873,13.525806451612903,0.0,14.47258064516129,11.812903225806451,1.5133333333333332,11.369516129032258,10.9502688172043,0.4683333333333334,8.38225806451613,19.948387096774194,0.0,1.0,0.0,0.0,0,0,0,0,0,0,0,0,0,0,0,1,1,0,1.8,6.0,6.3,11.2,24.7,36.0,14.0,2,306142,107.8459136955005,103.84908975420174,92.57469563129145,107.1093210477698
2019-11-01,55.17,0.8030852994555354,1.0315335753176043,2.7245,65.3,1463.2337317397078,17.011456097824578,0.18901996370235935,8665.47,3140.98,28051.41,4538.8,0.0,0,0,4,9,1,0,1,30,0.0,20239424.0,22234091.07,776.53,3914.8,0.049572962,2.318311499,1.75,1.71,19.63,4.96,1.99,1.72,100.34947851688,100.37051410609,26.0869565217391,37.54,36.58,37.7625,6.9603082938941,7.0,5.1,3.6,7.5,803900.3547,9045.4,74.5,98.5,9722.0,15488.5,40.23,1522632.0,15166.0,1261901.0,227071.0,33660.0,114.15,1.8173709443639385,2736.1500819,28.33970986,22.178175851,96.030780848,15.16980473,60.40055397,8.65172114,429.69488,1.831,2.6505,453.68424,0.53238,8.45,185200.993648851,100548.893378735,20530.290850272,52628.322948209,4.35,1.75,-0.5,3.3373163634153,1.817,-0.327285714285714,146.105263157895,106.644736842105,276.421052631579,318.361052631579,280.26,396.179000284422,170.48,222.6,251.25,52.06,4.5,2.1,1.0,1.4,2.3,1.3,31.44,0.16482663219759494,100.86,95.88,15500.666666666666,7738.368785242477,412.7173,36499.24223333333,34932.14489999999,2232.4713666666667,3799.5687,3155.6391666666664,643.9295333333333,78.02173333333333,41.1496,19.1003,17.771833333333333,29656.769840911333,2601.546346960133,12536.358740303001,11458963.806162665,3725239.5080015664,202.56362423737565,208.182525988855,197.7978805616,18395,481,33,0.0,0.0,19.28166666666667,12.94,0.0,16.496666666666666,12.062068965517241,1.0659615384615384,14.508944444444444,13.006111111111112,1.9946428571428572,10.405,20.48,0.0,1.0,0.0,0.0,0,0,0,0,0,0,0,0,0,0,0,1,1,0,1.8,6.0,6.3,11.2,24.7,36.0,14.0,0,292215,110.25723464958423,111.96578061219056,91.97346052087235,103.25745347490091
2019-12-01,61.06,0.8212341197822142,1.030852994555354,2.853,68.98,1520.3130081300812,17.88204449827872,0.1838929219600726,8972.6,3230.78,28538.44,4669.85,0.0,0,0,5,9,2,1,1,31,3.225806451612903,22068660.13,24893199.970000003,770.3905,3961.8,0.183525668,2.535699019,1.75,1.71,19.21,5.17,2.18,1.82,109.97510105465,109.84883115051,21.4285714285714,34.64,32.53,36.553,7.0631690877494,7.1,5.2,3.6,7.5,787595.8884,9087.1,74.4,99.3,9777.8,15515.9,37.32,1884828.0,15429.0,1320502.0,455828.0,108498.0,113.73,-0.023207485468945688,3192.5784426,71.34452859,26.246847943,62.300272336,30.34730944,62.09263048,13.23145985,430.27612,1.8961,2.2425,473.36714,0.4982,7.55,184460.855607059,100348.619153245,20416.983469747,53363.272391012,4.35,1.75,-0.5,3.29999276166997,1.86113636363636,-0.27247619047619,142.714285714286,103.162380952381,261.0,290.882857142857,283.7,337.921465033862,190.5,235.99,263.58,52.74,4.5,2.3,1.3,1.4,2.3,1.3,31.03,0.051002973779008615,108.69,121.26,14026.333333333334,7083.737570484954,468.8089,37461.39256666667,35399.4552,2297.6192333333333,4359.5566,3160.7750333333333,1198.7815666666665,78.19136666666667,41.473,18.9841,17.734266666666667,29824.288389154666,2622.2823496926667,12857.309537373001,11786813.002852336,4059191.9840382333,203.460525846961,209.584890898517,198.238994891038,16441,501,36,0.0,0.0,20.556451612903224,12.730645161290322,0.0,16.57741935483871,12.666129032258064,0.6658064516129032,16.201290322580647,13.163709677419355,1.2516129032258063,12.748387096774193,19.298387096774192,0.0,0.5,0.5,0.0,1,0,0,0,0,0,0,0,0,0,0,1,1,0,1.8,6.0,6.3,11.2,24.7,36.0,14.0,0,431123,104.41861577105729,114.71157596347003,143.54618355800278,118.39628819351631
2020-01-01,51.56,0.7813067150635209,0.9981851179673321,2.6035,67.42,1589.5558739255011,18.0484432442984,0.19759528130671505,9150.94,3225.52,28256.03,4572.06,0.0,0,0,4,8,1,1,0,31,3.225806451612903,27348213.35,30639121.78,772.647727272727,4145.4,0.172143816,2.316317556,1.75,1.75,20.16,6.22,2.4,1.86,99.670072560315,100.310427716,20.1754385964912,39.73,40.67,37.102,7.4430743295789,7.4,5.3,3.5,7.5,774972.8143,9115.6,85.8,99.6,9848.7,15543.1,38.0,1558680.0,14030.0,1105225.0,344904.0,108551.0,114.04,2.0948970456580174,2508.4051809306,93.88643397,32.566523059,81.644527791,19.28512279,63.655235,14.316770137,420.6064,1.7664,2.0305,442.50858,0.43114,7.45,185699.206739043,100763.840270823,20305.464560229,53896.602631638,4.35,1.75,-0.5,3.30150052452603,1.76391304347826,-0.266086956521739,143.285714285714,97.7304761904762,244.952380952381,286.808095238095,210.95,250.321903500956,164.76,199.22,226.45,50.04,5.4,2.5,1.4,1.5,2.3,1.1,32.76,0.07116883532497444,100.05,96.25,12723.222222222224,6417.527165565779,484.0707444444444,37730.66806666667,35523.21068888889,2335.1579333333334,4542.6153,3174.076233333333,1368.5390666666665,78.4531,41.82185555555555,18.87211111111111,17.759133333333335,29741.111700090667,2598.2403455356334,12995.813463650446,11931688.937936446,4151126.681409456,203.92856154527067,209.45623521769798,199.27985380337867,5361,632,36,0.0,0.06774193548387097,22.87741935483871,11.930645161290323,0.010714285714285714,18.141935483870967,11.995161290322581,0.8154838709677419,17.558548387096774,13.338172043010752,1.1112903225806452,13.651612903225805,19.35483870967742,0.0,0.0,1.0,0.0,0,0,0,0,0,0,0,0,0,1,0,1,1,0,1.8,6.0,6.3,11.2,24.7,36.0,14.0,0,509059,113.9379920130438,117.51459082999354,91.77017906568344,99.73007473106357
2020-02-01,44.76,0.7688294010889292,0.9171960072595281,2.62,61.8,1584.4540229885058,16.67846339987901,0.18121597096188746,8567.37,2954.22,25409.36,4122.63,0.0,0,0,4,9,0,0,0,29,0.0,22611852.29,25320171.35,796.3795,3986.9,0.448018326,2.53745805,1.75,1.75,20.67,6.24,2.5,1.93,95.859492637255,96.418656377804,25.6944444444444,45.26,43.91,38.1644,7.8105192968302,7.8,6.2,3.5,7.4,772708.4217,9063.4,80.0,99.1,9831.2,15570.4,37.61,996980.0,10985.0,848947.0,119193.0,28840.0,112.39,0.1068851874944432,2327.646872928,44.13289995,30.064175924,77.597785266,15.94538717,40.26919656,15.65687745,400.42152,1.5542,1.9158,381.87468,0.39599,7.45,186791.658096308,100980.536492444,20387.172931733,54454.741836171,4.35,1.75,-0.5,3.48811098112812,1.51,-0.4336,147.157894736842,94.7173684210526,256.684210526316,298.397894736842,237.57,195.706169373674,216.19,204.84,228.38,53.28,5.2,2.3,1.2,1.0,2.4,1.2,33.73,1.278321948692826,95.9,95.48,11591.333333333334,5739.737570484954,458.5028333333333,37307.06873333333,35303.41136666667,2345.087466666667,4348.7448,3195.542766666667,1153.2020333333332,78.80693333333333,42.19616666666667,18.764333333333333,17.846433333333334,29407.239773719335,2529.4203344890334,12951.870519135335,11893591.611415,4001043.6001152336,204.39659724358032,209.327579536879,200.32071271571934,9110,634,28,0.42,0.041379310344827586,22.50689655172414,12.23103448275862,0.0,17.7448275862069,11.549999999999999,0.7158620689655172,16.95310344827586,11.88764367816092,1.1948275862068964,13.263793103448275,18.870689655172413,0.0,0.0,1.0,0.0,0,0,0,0,0,0,0,0,0,1,0,1,1,0,1.8,6.0,6.3,11.2,24.7,36.0,14.0,0,399782,100.75281749904184,106.42271416080472,91.12986907298736,87.71001880563463
2020-03-01,20.48,0.6923774954627949,0.8645644283121597,2.306,51.14,1579.677650429799,13.955562024579478,0.12636116152450091,7700.1,2584.59,21917.16,3487.49,0.0,0,0,5,9,0,0,0,31,0.0,14354615.83,15996430.07,839.375454545454,3842.6,0.647527327,2.544284857,1.38,1.41,20.82,5.53,2.6,1.68,101.94322136488,102.55051376647,24.2647058823529,43.03,40.7,35.609,8.2285090973616,8.2,5.9,4.4,7.1,756471.756,8942.4,69.4,99.9,9744.2,15597.6,36.03,1004972.0,7048.0,547949.0,233500.0,223523.0,110.08,-2.211957004530507,2745.02869508,119.96929093,15.102100079,38.363825951,19.32432703,46.94793384,12.80867247,221.55812,1.1184,1.7927,257.54216,0.29382,7.25,191731.534133423,104762.925813268,20169.694616203,54851.989011163,4.35,0.73,-0.5,3.41049502786075,0.878136363636364,-0.516136363636364,287.318181818182,153.368181818182,451.772727272727,505.905909090909,265.73,219.402508980348,425.78,361.37,356.84,50.1,4.3,1.5,0.7,1.2,2.1,1.0,32.03,2.626013715500104,102.49,97.09,10630.666666666666,5050.368785242476,392.10516666666666,36190.59456666667,34740.057233333326,2327.407833333333,3777.9451000000004,3225.1746333333335,552.7704666666667,79.25286666666666,42.595933333333335,18.660766666666667,17.996166666666667,28822.672610040667,2415.8223165528666,12725.480703827669,11672521.023288002,3608942.7401555665,204.86463294189,209.19892385606,201.36157162806,7239,522,40,-30.46,0.0,21.711290322580645,11.758064516129032,0.0,17.330645161290324,9.920967741935485,0.855483870967742,16.225,10.564516129032258,0.5603448275862069,12.75,16.83709677419355,0.0,0.0,0.5,0.5,0,0,0,1,0,1,0,0,0,1,0,1,1,0,1.8,6.0,6.3,11.2,24.7,36.0,14.0,0,168261,105.19753291973923,107.05124042790065,74.2554718196247,99.85239357085375
2020-04-01,18.84,0.6780852994555354,0.8799909255898367,2.4305,57.42,1689.0416666666667,14.964438063986876,0.14505444646098004,8889.55,2912.43,24345.72,3977.56,0.0,0,0,4,8,4,1,3,30,3.3333333333333335,16339856.72,18250915.58,853.379047619048,3802.9,0.432360135,2.697731928,0.5,0.5,18.91,5.56,2.93,1.58,88.190603750588,88.125624229017,6.42857142857143,32.77,31.74,26.4957,9.0018555844912,9.0,6.0,14.8,7.3,682082.6146,8235.9,39.4,98.6,9050.7,15624.8,27.46,724806.0,6662.0,525374.0,167831.0,31601.0,104.25,-7.563397765561275,2668.80499126,123.32594322,23.828564306,75.827934474,26.16166839,57.23549721,7.50297282,146.57816,0.7949,1.7386,161.76966,0.3272,6.85,192305.776785003,105122.315450907,19881.595529911,55386.840190068,4.35,0.25,-0.5,3.04847165385439,0.652681818181818,-0.428772727272727,306.095238095238,178.87380952381,498.47619047619,578.340476190476,314.86,328.805400300115,400.94,297.9,358.04,34.88,3.3,0.3,0.3,1.1,1.4,0.9,22.8,3.3134322089054877,89.48,76.69,9728.888888888889,4446.789595080826,388.2657888888889,35438.51463333333,33875.16099999999,2288.7329888888885,3852.0865444444444,3190.047655555556,662.038888888889,79.60325555555556,43.00675555555555,18.540477777777777,18.056033333333332,27870.73226186566,2284.679662351211,12352.892834284221,11525467.582397556,3447709.8641168997,205.38916939029,209.17289662213665,202.33315564727334,8440,496,38,-63.82,0.0,20.175,11.091666666666667,0.0,16.01,9.394642857142857,3.8353333333333333,12.977333333333332,10.893888888888888,1.715,9.343333333333334,14.831666666666667,0.0,0.0,0.0,1.0,0,0,0,0,0,1,0,0,0,1,0,1,1,0,1.8,6.0,6.3,11.2,24.7,36.0,14.0,0,0,87.02390675552742,100.56731785445535,58.86932431504618,83.30030738340055
2020-05-01,35.49,0.7023593466424682,0.9019963702359347,2.534,57.24,1739.790297339593,18.06362823949955,0.16656079854809439,9489.87,3044.31,25383.11,3647.6,1383.0,0,0,4,10,2,1,1,31,3.225806451612903,13904828.24,15515469.120000001,821.805263157895,3909.7,0.018827606,2.623030367,0.5,0.49,20.86,4.81,2.86,1.67,86.785484800089,86.026567169497,8.80281690140845,33.18,34.28,26.1032,11.206932833479,11.2,5.9,13.2,7.6,585938.7968,7450.5,38.4,98.5,8390.9,15652.1,25.1,1277490.0,11087.0,920780.0,229199.0,127511.0,99.89,-11.998942824420755,2863.740189175,129.22245075,18.648407851,52.709338049,20.59435248,45.23444309,6.46587056,221.16182,0.8416,1.7525,185.83828,0.41527,6.75,193716.572807042,107326.657279655,19497.101811724,55578.815353949,4.35,0.25,-0.5,2.39711361343054,0.669428571428572,-0.501,254.5,174.1015,446.45,514.4675,345.65,501.33444442373,503.96,282.25,430.35,37.49,2.4,0.1,0.1,1.1,1.2,0.9,23.33,2.5169592244228465,87.6,79.51,8886.0,3929.0,446.9847,35050.82893333333,32708.722666666665,2229.062933333333,4571.169133333333,3090.1618333333336,1481.0073000000004,79.8581,43.42863333333333,18.40346666666667,18.026033333333334,26551.418729194334,2135.9923718840664,11834.106910505,11452431.288743665,3517344.971999233,205.91370583869,209.14686938821333,203.30473966648665,13752,468,37,-61.91,0.0,18.316129032258065,11.979032258064517,0.03870967741935484,14.672580645161291,8.593333333333334,3.246451612903226,10.770967741935483,9.309408602150539,4.19516129032258,6.82258064516129,11.288709677419355,0.0,0.0,0.0,1.0,0,0,1,0,0,1,0,0,0,0,0,1,1,0,1.8,6.0,6.3,11.2,24.7,36.0,14.0,0,0,83.90564360081164,103.4000228264251,67.51301473537967,84.13660108731216
2020-06-01,39.27,0.7348003629764065,0.9289927404718693,2.813,60.98,1783.2888888888888,18.2021321408898,0.19768602540834845,10058.76,3100.29,25812.88,3959.02,2106.0,0,0,5,8,2,1,1,30,3.3333333333333335,17205864.64,19136682.330000002,793.718095238095,4039.8,-0.070216452,2.49397096,0.5,0.47,19.89,4.58,2.79,1.67,85.118985541336,84.277795481249,11.3970588235294,39.26,37.3,24.3129,12.217859680127,12.2,5.7,11.0,8.1,526727.0471,7142.6,41.9,98.6,8136.7,15679.4,21.07,809386.0,8611.0,662842.0,104026.0,42518.0,95.55,-15.777875716174528,2970.27284532,137.42115984,33.643122848,74.989651742,18.77261124,85.17456283,11.88562944,290.32938,1.0884,1.6128,253.4999,0.49615,6.35,194498.004107202,108954.308337575,19085.087857139,55642.383253121,4.35,0.25,-0.5,2.42893281830237,0.725,-0.401272727272727,209.181818181818,152.660909090909,380.227272727273,430.28,263.32,421.641110933879,300.24,247.65,328.49,36.93,2.5,0.6,0.3,0.9,1.2,0.8,22.88,2.2460092076200504,85.81,78.95,8102.0,3497.0,568.2619,35027.53746666667,31240.742233333334,2148.3976666666667,5935.192866666667,2925.5171666666665,3009.675700000001,80.0174,43.86156666666667,18.249733333333335,17.906166666666667,24864.732012026667,1969.7604451514333,11169.12293249,11453412.142326333,3817848.0638025664,206.43824228709,209.12084215429,204.2763236857,13935,531,32,-63.71,0.0,17.066666666666666,12.623333333333333,1.4482758620689655,12.95,10.275862068965518,9.147333333333332,8.711666666666668,13.051666666666668,3.65,3.5416666666666665,12.99,0.5,0.0,0.0,0.5,0,0,0,0,1,1,0,0,0,0,0,1,1,0,1.8,6.0,6.3,11.2,24.7,36.0,14.0,0,0,85.9341995017947,96.90904779299916,66.31335198682467,95.53363428507478
2020-07-01,40.27,0.7774500907441017,1.051950998185118,2.95,62.74,1973.0,24.297227608399687,0.2657894736842105,10745.28,3271.12,26428.32,4017.08,1445.0,0,0,4,8,1,0,1,31,0.0,18393974.77,20567786.13,784.729090909091,4636.3,0.198822036,2.498052012,0.5,0.5,20.07,4.82,2.64,1.64,85.049279170729,83.839923996856,12.6760563380282,41.99,37.81,24.0284,13.091216396143,13.1,5.7,10.2,8.5,499226.0629,7073.2,45.8,99.3,8138.6,15706.6,21.43,657554.0,6519.0,526392.0,109083.0,22079.0,95.52,-16.459681651215675,3393.03757945,205.51834548,27.704410963,61.720763468,19.5322046,38.12087425,4.04771134,305.23026,1.1917,1.7352,279.07446,0.4921,6.25,191611.35763337,107502.740914216,18736.08766252,55765.094651863,4.35,0.25,-0.5,2.50453664686912,0.617869565217391,-0.461086956521739,199.818181818182,140.731363636364,389.681818181818,415.184545454545,240.99,324.662566170534,427.92,248.82,349.24,38.52,2.7,1.0,0.4,0.5,1.6,1.2,21.59,2.9597396081219784,85.15,84.2,8229.0,3589.888888888889,916.7939888888887,36517.75182222223,30679.841866666666,689.5172111111111,6527.427144444445,2781.7253333333333,3745.701811111112,80.08252222222222,44.1912,18.050655555555554,17.840744444444447,24146.99394611378,2014.8876037431555,10910.530343058223,11860310.058726778,4318297.0521234665,205.33019788532,206.82251534997667,204.13459177727665,9816,709,38,-62.95,0.0,15.553225806451612,12.28225806451613,0.035483870967741936,12.625806451612902,10.383333333333333,6.578064516129031,8.012258064516129,11.401344086021505,2.3548387096774195,1.5612903225806452,11.138709677419355,1.0,0.0,0.0,0.0,0,0,0,0,0,1,0,0,0,0,0,1,1,0,1.8,6.0,6.3,11.2,24.7,36.0,14.0,0,0,96.54724723060276,101.61682516682134,70.6015947663166,95.35478070160754
2020-08-01,42.61,0.8166969147005445,1.1411070780399275,3.113,65.26,1966.8303130148274,28.13531920910612,0.42105263157894735,11775.46,3500.31,28430.05,3767.15,969.0,1,1,5,10,1,0,1,31,0.0,22382123.669999998,24497888.83,784.661904761905,4741.5,0.165957166,2.632040133,0.5,0.35,19.63,4.5,2.58,1.89,90.359905962661,89.510116569394,25.7246376811594,44.63,42.51,30.8302,12.907461467072,12.9,5.6,8.4,8.6,496058.757,7191.4,57.8,99.4,8257.2,15729.1,26.99,1269604.0,13097.0,1003074.0,217722.0,48808.0,96.79,-15.541012216404882,3053.05858101,156.9186696,41.498342732,74.124241938,25.63038559,48.64495388,8.99235654,318.0968,1.1913,2.3017,291.12198,0.5056,6.15,191776.356438798,108338.913206092,18206.080221787,55847.397705699,4.35,0.25,-0.5,2.43262220670559,0.64647619047619,-0.468809523809524,170.0,125.74,379.190476190476,383.336666666667,250.52,451.631087851069,263.47,213.09,299.22,49.81,2.4,1.3,-0.2,0.5,1.7,0.4,27.25,1.4821153744832225,89.74,95.86,9267.0,4207.666666666667,1492.5809666666664,39521.472,31026.021566666663,-2147.578433333333,6347.871966666667,2658.786333333333,3689.0856333333336,80.05346666666667,44.41753333333333,17.806233333333335,17.829766666666668,24398.204531455664,2271.3738476592334,11058.329142209666,12673125.037945,5018691.936961933,204.22215348355,204.52418854566332,203.99285986885334,16205,600,38,-54.57,0.0,15.937096774193549,13.929032258064517,0.09032258064516129,11.922580645161291,10.193333333333333,3.405806451612903,8.34,11.853225806451613,2.296774193548387,4.248387096774193,18.36935483870968,1.0,0.0,0.0,0.0,0,0,0,0,0,1,0,0,0,0,0,1,1,0,1.8,6.0,6.3,11.2,24.7,36.0,14.0,0,0,111.52511758259169,131.4000905065773,110.18595902216877,104.66061374303159
2020-09-01,40.22,0.8008166969147006,1.090290381125227,3.068,65.81,1888.0370370370372,23.363908096367297,0.2777676950998185,11167.68,3363.0,27781.7,3637.3,849.0,1,2,4,8,2,2,0,30,6.666666666666667,15956002.41,17415409.15,773.402380952381,4666.9,0.358449328,2.890237434,0.5,0.3,18.89,4.44,2.35,1.83,92.050347346612,91.497758923591,33.1967213114754,51.56,49.81,33.2086,12.34829068332,12.3,5.4,7.9,8.5,519841.2043,7365.1,68.4,99.7,8402.6,15746.9,29.54,1422469.0,12757.0,1056109.0,237443.0,128917.0,102.34,-11.255379315599201,3471.27375013,122.25831829,22.622308922,60.311087778,19.4890059,45.31367388,6.3208288,308.50634,1.0852,1.9186,258.54612,0.49387,5.95,192159.779460141,108934.044167291,17885.365027139,56128.537136767,4.35,0.25,-0.5,2.58841943831024,0.676545454545455,-0.489590909090909,176.857142857143,129.55619047619,385.952380952381,386.398095238095,257.84,493.402039705619,252.59,278.59,288.77,51.72,1.7,1.4,-0.3,0.5,1.7,0.2,29.7,0.6245995107596228,91.69,95.24,11216.0,5350.333333333333,2295.622833333333,44038.698,32279.281333333332,-6362.889266666666,5396.527333333334,2556.700166666667,2839.8271666666674,79.93023333333333,44.54056666666667,17.51646666666667,17.873233333333335,25618.363768052335,2739.2191768996668,11612.519329944334,13891857.079981,5919032.718317967,203.11410908178,202.22586174135,203.85112796043,18604,586,27,-51.82,0.0,16.21,15.456666666666667,0.01,13.206666666666667,11.255172413793103,1.6333333333333333,9.675999999999998,10.924444444444445,1.0333333333333334,6.463333333333334,17.53666666666667,0.5,0.5,0.0,0.0,0,1,0,0,0,1,0,0,0,0,0,1,1,0,1.8,6.0,6.3,11.2,24.7,36.0,14.0,0,0,113.40293555747536,137.6466776576685,100.19421298116553,107.75614114618828
2020-10-01,35.79,0.8387023593466425,1.144736842105263,3.08,68.98,1877.411575562701,23.652069999189827,0.2248638838475499,10911.59,3269.96,26501.6,3539.92,756.0,0,0,4,9,3,1,2,31,3.225806451612903,21865837.04,24026486.599999998,788.267142857143,4761.0,0.515935205,3.163245892,0.5,0.3,19.37,5.11,2.47,2.11,96.443140815514,96.105352338921,37.6923076923077,53.07,51.68,37.1429,11.577038760121,11.6,5.3,6.9,8.4,592421.2332,7667.7,86.9,99.4,8671.6,15764.5,32.47,777298.0,7501.0,619604.0,118471.0,39223.0,107.44,-5.951597082428217,3749.73604893,193.6217367,44.225062703,100.502001397,28.26335939,55.75348284,7.9517818,300.28972,1.1115,2.2473,267.2383,0.52506,6.15,191244.025331295,108118.727786066,17697.257546198,56563.592161318,4.35,0.25,-0.5,2.60637141106784,0.776636363636364,-0.572318181818182,167.714285714286,130.070476190476,384.666666666667,383.311428571428,299.67,396.79674987595,305.77,311.58,305.43,55.35,0.5,1.2,-0.3,0.5,1.6,0.2,34.13,0.11010781447879854,95.99,100.5,12931.77777777778,6363.222222222222,2581.386122222222,46914.58464444444,33774.900466666666,-8837.2359,4302.448211111112,2506.0906555555557,1796.357555555556,80.06955555555555,44.7989,17.307266666666667,17.96341111111111,26937.753767554444,3101.4342410402,12249.327720825779,14525286.692432223,6327875.852860101,204.29705579578666,204.58326791771665,204.08061478410335,10198,747,43,-46.81,0.0467741935483871,17.2758064516129,14.816129032258065,0.017241379310344827,13.619354838709677,11.838709677419354,1.4188709677419356,11.225322580645162,11.471774193548388,1.0693548387096774,8.587096774193547,19.361290322580647,0.0,1.0,0.0,0.0,0,0,0,0,0,1,0,0,0,0,0,1,1,0,1.8,6.0,6.3,11.2,24.7,36.0,14.0,2,0,128.4414057391444,153.8601040088741,104.82035552677463,116.18220135997322
2020-11-01,45.34,0.927858439201452,1.2661070780399275,3.449,72.24,1779.1058122205661,22.668287032641516,0.28892921960072593,12198.74,3621.63,29638.64,4032.87,690.0,1,3,5,9,1,0,1,30,0.0,19488901.669999998,21700861.29,762.884761904762,4904.8,0.001528847,3.113706581,0.5,0.3,19.02,5.53,2.42,2.07,101.31548725722,101.48479408947,46.031746031746,54.17,54.16,37.9133,10.758022977255,10.8,5.2,6.7,8.2,618723.424,7916.7,102.2,100.3,8871.1,15782.1,34.26,1200731.0,12024.0,909714.0,234073.0,56944.0,110.39,-3.2979216902286446,4254.63063559,139.88482087,23.727329246,76.856611704,28.05571229,36.117349,8.96103164,297.56846,1.2139,2.5881,291.46544,0.54664,6.25,191441.4966374,107886.44548788,17700.610408895,57255.017924021,4.35,0.25,-0.5,2.6281141452366,0.867142857142857,-0.572142857142857,155.947368421053,126.704210526316,343.105263157895,355.936842105263,224.58,661.82804828749,327.61,328.15,364.83,56.65,-0.5,1.2,-0.3,0.5,1.6,0.2,33.95,0.7565767480705585,101.24,102.03,14414.333333333334,7246.333333333333,2349.8708333333334,48149.13193333333,35512.87896666667,-9570.618333333334,3065.634600000001,2506.9578,558.6768000000005,80.47143333333334,45.19253333333333,17.178633333333334,18.1003,28356.374529962002,3358.0190400808333,12968.754314854,14573413.875298666,6245221.340588334,205.48000250979334,206.94067409408333,204.31010160777666,14763,587,54,-39.61,0.0,18.653333333333332,16.243333333333332,0.01,14.976666666666667,11.97,0.5664999999999999,13.91,12.298333333333334,1.0866666666666667,11.923333333333334,19.93,0.0,1.0,0.0,0.0,0,0,0,0,0,1,0,0,0,0,0,1,1,0,1.8,6.0,6.3,11.2,24.7,36.0,14.0,2,8732,127.10223879716085,150.2334565175451,122.93875282031637,110.57898736572204
2020-12-01,48.52,0.8981397459165155,1.2481851179673322,3.5185,78.24,1894.05132192846,26.30342757175871,0.3961433756805808,12888.28,3756.07,30606.48,4177.22,766.0,0,0,4,8,2,1,1,31,3.225806451612903,30047888.48,33928667.35,734.733,5017.7,0.20176785,3.132482312,0.5,0.3,19.41,4.98,2.39,2.02,110.63702517799,111.49051512267,41.6666666666667,49.83,48.0,35.546,10.286318749044,10.3,5.2,6.7,8.2,655603.3027,8026.2,96.3,100.4,8946.5,15799.9,32.17,1395819.0,13458.0,1057121.0,307360.0,31338.0,111.05,-2.358491477871283,4461.60778263,227.54772952,35.902651164,74.100918476,36.82533811,55.062975859,10.27951244,342.90518,1.4029,2.5387,343.96198,0.64542,6.35,188919.524712304,106214.597104517,17535.039943924,57705.960485305,4.35,0.25,-0.5,2.74806928880318,0.925521739130435,-0.574521739130435,146.590909090909,125.489545454545,301.727272727273,332.393181818182,215.79,439.123635430217,326.62,208.96,293.59,53.19,0.2,1.4,-0.3,0.4,1.6,0.2,31.97,1.6825805543908687,108.64,128.44,15663.666666666666,7999.666666666667,1601.0769666666667,47742.33986666667,37493.21683333333,-8563.036566666668,1686.0865000000006,2559.3016000000002,-873.2150999999994,81.13586666666667,45.721466666666664,17.130566666666667,18.2839,29874.226055274998,3508.973574021567,13770.799112029,14036238.628580332,5671069.181502666,206.6629492238,209.29808027045,204.53958843145,4966,609,40,-32.41,0.054838709677419356,20.16774193548387,13.562903225806451,0.0,15.90967741935484,12.313793103448276,1.1779032258064517,15.686451612903225,13.156451612903227,0.8548387096774194,12.803225806451614,20.91290322580645,0.0,0.5,0.5,0.0,1,0,0,0,0,1,0,0,0,0,0,1,1,0,1.8,6.0,6.3,11.2,24.7,36.0,14.0,0,33260,121.17075524975989,154.67578804222833,162.6807649910348,126.76552650375939
2021-01-01,52.2,0.8972323049001815,1.1703720508166968,3.5175,80.61,1856.5712098009185,28.531041137155224,0.40245009074410165,13070.7,3714.24,29982.62,4288.65,1453.0,0,0,4,10,1,1,0,31,3.225806451612903,25555798.43,31701984.39,723.556,5478.5,0.492588467,3.462396908,0.5,0.3,19.32,5.54,2.34,1.85,96.352095299203,97.057953928241,40.0793650793651,54.4,54.38,37.3668,10.227160890761,10.2,5.4,6.3,8.2,659693.2837,8121.4,107.9,100.8,9046.6,15817.7,31.89,953385.0,9085.0,734976.0,142302.0,76107.0,110.66,-2.9617992851061037,3230.15750433484,205.4588215,40.3518678682697,84.0201257017303,20.97866302,57.88021484,10.0854202,396.5642,1.5254,2.6655,367.34368,0.875,7.05,190314.097069002,107020.350298967,17370.415071998,58179.032643862,4.35,0.25,-0.5,2.64462273177864,1.05928571428571,-0.531714285714286,140.736842105263,121.574736842105,294.578947368421,326.02,208.1,378.35705309334,261.31,231.38,278.73,55.2,-0.3,1.4,0.9,-0.3,1.4,1.4,35.18,1.3298860402339814,96.27,97.13,16324.22222222222,8365.777777777776,1118.2157,46652.66971111111,38607.830622222216,-7151.424111111111,893.4150444444449,2628.2472666666667,-1734.8322222222216,81.64934444444444,46.1798,17.064155555555555,18.40546666666667,30714.232850346114,3589.8678126305003,14165.255803143778,13638290.734792,5226918.341174778,209.52378472319668,213.20497068292332,206.44262808087,5840,47,18,-45.0,0.020967741935483872,21.18387096774193,13.80967741935484,0.33225806451612905,17.35967741935484,11.606451612903227,1.4890322580645161,17.0458064516129,12.459354838709677,1.3516129032258064,13.167741935483871,19.216129032258067,0.0,0.0,1.0,0.0,0,0,0,0,0,1,0,0,0,1,0,1,0,0,1.8,6.0,6.3,11.2,24.7,36.0,14.0,0,22378,124.25201476457592,153.43526404061652,103.75920621756053,108.43071135435858
2021-02-01,61.5,0.9775408348457351,1.2670145190562614,3.9855,89.02,1739.4201438848922,26.78996121883657,0.4517241379310345,13192.35,3811.15,30932.37,4573.37,1654.0,0,0,4,8,0,0,0,28,0.0,32155084.54,39924751.31,722.6265,5559.2,0.104577031,3.108649167,0.5,0.3,20.04,5.8,2.34,2.09,93.92430183646,95.273880010854,44.2307692307692,56.11,55.72,38.4701,10.304521336183,10.3,5.5,6.2,8.2,692607.7088,8167.6,104.6,100.4,9105.9,15835.4,35.23,740231.0,6802.0,545388.0,159614.0,35229.0,111.34,-0.9315658038930086,4223.69818493864,85.61323034,31.9665962105704,51.3966636194296,36.48998594,37.73480783,8.86351857,453.44646,1.7428,5.0651,409.98556,0.90819,7.95,191177.693341645,107175.443269274,17224.03439725,58805.306881746,4.35,0.25,-0.5,2.7168563533275,1.2452,-0.38915,131.736842105263,108.895263157895,287.210526315789,317.667368421053,187.63,237.408613576867,187.52,185.28,214.32,53.65,-0.2,1.7,0.9,0.0,1.3,1.1,36.0,1.9509310264952457,93.34,99.27,16396.0,8344.666666666666,901.2870333333334,44880.121466666664,38856.72033333333,-5335.780966666666,687.6202333333337,2713.7947999999997,-2026.1745666666664,82.01186666666666,46.56753333333334,16.9794,18.465,30876.394915175333,3600.7017559076335,14152.124388198334,13379570.193933666,4912768.819604666,212.38462022259333,217.11186109539668,208.34566773029,7016,47,18,-36.63,0.0,21.1875,12.826785714285714,0.0017857142857142859,17.594642857142855,10.549999999999999,0.21928571428571428,16.892857142857142,10.416428571428572,0.5589285714285713,15.18392857142857,17.530357142857145,0.0,0.0,1.0,0.0,0,0,0,0,0,1,0,0,0,1,0,1,0,0,1.8,6.0,6.3,11.2,24.7,36.0,14.0,0,20491,122.16379741650098,149.04837063787676,101.3457123580415,106.44506135320337
2021-03-01,59.16,1.0036297640653358,1.2788112522686026,3.9375,80.77,1706.9228529839884,24.433387506771677,0.45784936479128857,13246.87,3972.89,32981.55,4898.09,2683.0,0,0,5,8,0,0,0,31,0.0,39683967.88,48113996.13,726.366086956522,5113.4,0.522936044,2.981011268,0.5,0.3,18.25,4.88,2.31,2.11,108.78409992336,110.61507040946,48.5507246376812,58.11,55.88,42.3999,10.353809664207,10.4,5.3,6.1,8.2,703207.4019,8148.2,116.1,101.3,9089.3,15853.0,37.34,1567955.0,13860.0,1161102.0,263607.0,143246.0,113.68,3.2660551608443056,4519.97582270234,238.49363733,39.1536941895189,58.8244278504811,38.54768096,42.25605534,13.75598265,515.08432,1.8241,2.5645,426.04892,0.92239,8.65,192185.791786168,107454.535915622,17269.887809706,59457.151516773,4.35,0.25,-0.5,3.17560014695452,1.606,-0.316,133.0,101.895217391304,311.739130434783,326.349130434783,197.89,302.30058172503,166.79,217.47,213.79,58.91,0.4,2.6,1.3,0.3,1.6,0.9,39.9,2.268210228171301,108.14,114.73,15879.0,7936.333333333333,950.2909666666666,42424.695133333335,38239.88596666666,-3116.1071333333334,1068.702066666667,2815.9442,-1747.242133333333,82.22343333333333,46.88466666666667,16.8763,18.462500000000002,30360.71224976267,3541.475403852967,13731.404867192667,13260077.006005332,4728620.616792333,215.24545572199,221.01875150787,210.24870737971,11774,93,22,-43.22,0.008064516129032258,20.904838709677417,12.253225806451614,0.02258064516129032,16.95483870967742,9.846774193548388,0.4760215053763441,15.608387096774194,9.461935483870967,0.9532258064516128,12.922580645161291,18.251612903225805,0.0,0.0,0.5,0.5,0,0,0,1,0,1,0,0,0,1,0,1,0,0,1.8,6.0,6.3,11.2,24.7,36.0,14.0,1,22744,138.724914329772,159.49932440916075,102.69885912253199,128.66765751951596
2021-04-01,63.58,1.087568058076225,1.3275862068965518,4.3975,88.34,1770.1767304860089,25.88791488078572,0.6808076225045372,13962.68,4181.17,33874.85,4472.84,3345.0,0,0,4,8,4,1,3,30,3.3333333333333335,33267665.93,39337381.44,707.845238095238,5072.2,0.542220099,3.093659126,0.5,0.3,18.87,4.84,2.36,1.93,101.58978905497,103.03486865418,44.7916666666667,52.21,51.42,32.59,10.244367108474,10.2,5.1,6.1,8.2,718089.7387,8104.1,100.2,101.0,9029.1,15870.7,30.66,1214814.0,13013.0,992482.0,153802.0,68530.0,114.94,10.258787413608106,4470.594604268,241.57505613,35.0735524424113,78.5092750575887,34.65694747,97.03551647,12.11189649,517.9641,1.8155,2.61,415.00536,0.81601,8.85,192752.520181099,107402.888273163,17221.205318294,59990.240539836,4.35,0.25,-0.5,3.55421741051136,1.62168181818182,-0.275181818181818,125.666666666667,103.190952380952,322.333333333333,317.065714285714,251.991348266602,289.630033571675,141.3,179.66,197.56,48.51,0.9,4.2,1.6,0.7,3.0,0.7,28.45,2.7628747250848966,102.06,97.28,15599.888888888889,7675.555555555555,1374.3989666666669,42166.275677777776,38168.89858888888,-2457.046444444444,1540.3306555555557,2869.114622222223,-1328.7839555555552,82.13663333333334,46.98515555555556,16.720844444444445,18.430644444444443,30247.657443952445,3580.980138509,13502.497025386334,13603165.85259811,5089990.0413316665,216.7966017724,223.05315748512666,211.38161955459,7821,95,22,-55.82,0.0,18.956666666666667,11.453333333333335,0.155,15.181666666666667,9.531666666666666,1.2710555555555556,13.454666666666666,9.380666666666666,2.8966666666666665,10.233333333333333,13.431666666666667,0.0,0.0,0.0,1.0,0,0,0,0,0,1,0,0,0,1,0,1,0,0,1.8,6.0,6.3,11.2,24.7,36.0,14.0,0,0,130.65923099989465,146.10917426776092,78.10611494098767,116.87003255639443
2021-05-01,66.96,1.1265880217785844,1.3883847549909256,4.681,82.09,1908.5023400936036,28.075228347179507,0.594147005444646,13748.74,4204.11,34529.45,4356.43,3142.0,1,1,5,10,3,2,1,31,6.451612903225806,36927809.12,46178175.24,712.2595,5159.5,0.236551086,3.318075976,0.5,0.3,18.07,4.8,2.4,1.94,103.6008425868,105.10687876345,40.0,56.33,54.88,39.7022,10.037301451191,10.0,5.0,5.8,8.1,729470.8356,8041.1,124.7,100.4,8938.3,15888.4,36.8,1513446.0,17351.0,1285196.0,167414.0,60836.0,116.08,16.20523991492311,4529.95664137261,207.86033318,33.627287635938,58.325043044062,21.14228355,63.1673995600001,9.39546098,538.3075,1.9716,2.8884,446.92072,0.827,8.85,193600.431542033,107644.280273385,16972.823456823,60538.895844402,4.35,0.25,-0.5,3.71121605621896,1.613,-0.165571428571429,131.55,101.4295,307.15,309.287,371.9423828125,216.860559066636,172.1,141.39,189.16,57.25,1.3,5.0,2.0,0.9,3.8,1.0,35.41,3.0395544411356066,102.56,113.2,15558.666666666666,7562.333333333333,2173.611033333333,44104.863099999995,38643.758200000004,-3358.5988999999995,2102.5060000000003,2873.3060666666665,-770.800033333333,81.75146666666667,46.869,16.51303333333333,18.369433333333333,30537.230497744666,3719.2159598757335,13465.400862779332,14408836.733712,5996877.0932226665,218.34774782281,225.08756346238334,212.51453172947,7002,142,35,-36.8,0.0,17.595161290322583,11.364516129032259,0.35806451612903223,14.233870967741936,9.55,4.0784946236559145,10.451612903225806,9.369032258064516,3.9338709677419357,6.137096774193548,12.724193548387097,0.0,0.0,0.0,1.0,0,0,1,0,0,1,0,0,0,0,0,1,0,1,1.8,6.0,6.3,11.2,24.7,36.0,14.0,0,0,131.4924288934229,158.7093970888439,138.75720135973685,118.08081371112024
2021-06-01,73.47,1.1449637023593466,1.3495916515426498,4.26,85.05,1769.4626865671644,26.094823032223985,0.3248638838475499,14503.95,4297.5,34502.51,4331.33,2994.0,1,2,4,8,2,0,2,30,0.0,41372994.54,51583826.21,726.5445,5204.1,-0.106256403,3.280814028,0.5,0.32,18.05,5.19,2.51,2.01,102.50642641493,104.05599256032,42.3913043478261,55.88,54.33,40.162,9.4964882170436,9.5,5.0,5.9,7.8,738716.5257,8041.2,140.0,100.7,8884.9,15906.1,39.64,1042225.0,11015.0,862573.0,117737.0,61915.0,118.0,23.498843467574915,4258.3230567687,197.38579586,30.8356837611039,71.4729332288961,35.71954815,71.04263845,7.11251638,559.91906,2.0686,3.2318,467.47548,0.97182,9.15,194676.324255656,108024.020413897,16916.840908727,61063.5998075,4.35,0.25,-0.5,4.26326952162309,1.51154545454545,-0.205409090909091,139.045454545455,91.7245454545454,301.545454545455,307.397272727273,339.924499511719,219.762804790051,149.13,152.61,177.35,55.84,1.1,5.4,1.9,0.9,4.5,0.9,35.33,2.7713142928491874,101.6,110.82,15755.333333333334,7596.666666666667,3347.927166666667,48240.45740000001,39664.464799999994,-5820.7645,2755.2281000000003,2828.518533333334,-73.29036666666634,81.06793333333333,46.53620000000001,16.252866666666666,18.27886666666667,31229.431411139332,3956.182867953167,13620.116379371668,15677089.649347002,7449281.772465333,219.89889387322,227.12196943964,213.64744390435,6139,163,29,-34.74,0.0016666666666666668,16.103333333333335,10.545,0.7283333333333334,12.648333333333333,8.808333333333334,4.674166666666666,8.598,10.118,5.915,3.64,11.618333333333334,0.5,0.0,0.0,0.5,0,0,0,0,1,1,0,0,0,0,0,1,0,0,1.8,6.0,6.3,11.2,24.7,36.0,14.0,6,0,136.48660706901333,150.33547213582358,125.38128500243366,125.98419370921607
2021-07-01,73.95,1.17513611615245,1.3734119782214156,4.423,89.59,1814.5259938837924,25.489185299740104,0.28185117967332124,14672.68,4395.26,34935.47,4252.04,1395.0,0,0,4,9,2,1,1,31,3.225806451612903,47086666.92,63715715.480000004,750.440476190476,5049.5,0.636503046,3.731957564,0.63,0.54,18.28,4.67,2.81,1.98,99.776708652464,100.78842613672,43.359375,61.31,57.64,41.3084,8.9332892027599,8.9,5.1,5.4,7.7,742131.1538,8148.9,150.5,101.2,8948.3,15923.8,38.83,1497465.0,13396.0,1112241.0,263410.0,121814.0,120.38,26.029631849507062,4453.72753718291,256.22238397,34.6762649678904,61.3715071821096,30.33804292,100.72617618,5.55939259,580.87012,2.0723,3.8036,472.68022,1.09292,9.75,197863.032094719,110102.373037754,16926.06104475,61497.725320252,4.35,0.25,-0.5,4.48757984900609,1.31272727272727,-0.348363636363636,144.238095238095,90.34,316.0,323.383809523809,313.061584472656,227.924511338185,182.17,197.38,204.07,57.98,1.0,5.4,2.2,1.3,4.3,0.7,37.32,2.948923851366623,98.05,115.68,15988.111111111111,7716.555555555556,4387.710944444444,50435.71721111112,40665.51936666667,-6528.455766666666,3241.7420777777784,2780.008688888889,461.733466666667,80.25556666666667,46.12703333333334,15.9827,18.145833333333336,31925.15188593022,4086.5552866264447,13877.165710297888,17004071.138246443,8820943.259265445,219.74744432942333,226.64495496786665,213.77775089862,5070,242,19,-18.42,0.0032258064516129032,15.179032258064517,11.216129032258063,0.22903225806451613,11.058064516129033,8.964516129032257,2.57741935483871,7.68258064516129,9.67741935483871,7.829032258064517,5.201612903225806,15.995161290322581,1.0,0.0,0.0,0.0,0,0,0,0,0,1,0,0,0,0,0,1,0,0,1.8,6.0,6.3,11.2,24.7,36.0,14.0,1,0,132.10165001918597,152.84353605991117,139.27031729166973,117.62894629968939
2021-08-01,68.5,1.2332123411978222,1.3627495462794919,4.314,92.52,1814.0568356374808,23.908794590436088,0.2190562613430127,15259.24,4522.68,35360.73,4491.57,687.0,0,0,5,9,1,0,1,31,0.0,44266283.83,59027600.839999996,779.828181818182,4902.5,0.236144326,3.804643452,0.75,0.75,18.02,5.58,3.1,2.02,106.52694171307,108.400913041,51.5151515151515,62.94,60.35,49.1057,8.5475660411635,8.5,5.1,5.2,7.5,754330.6015,8258.8,164.8,100.9,9030.7,15939.2,44.31,1679272.0,15376.0,1227209.0,348762.0,103301.0,120.99,25.005594775353003,4280.96109336129,116.11450969,37.3239741150472,71.6152170249528,56.55649341,81.05604853,16.82876643,573.92166,2.0165,4.0486,458.20206,1.11659,13.95,199568.992825879,110898.202936915,17068.00478031,62193.127910204,4.35,0.25,-0.5,4.70483969825333,1.27895454545455,-0.462318181818182,138.318181818182,91.6386363636364,312.909090909091,320.775,215.0234375,294.827804953211,157.2,187.21,214.03,64.94,0.8,5.3,3.0,1.2,4.0,1.6,46.85,3.3006990512970704,105.09,119.79,16257.0,7922.0,5292.962366666667,50690.64253333333,41646.921899999994,-5481.672699999999,3562.0479333333337,2727.7765333333336,834.271466666667,79.31436666666667,45.6415,15.702533333333333,17.970333333333336,32624.39192211733,4110.333215895567,14236.548855558001,18389781.200410333,10111861.553623,219.5959947856267,226.16794049609334,213.90805789288999,10063,192,17,-10.99,0.0032258064516129032,15.193548387096774,11.911290322580646,0.5967741935483871,12.041935483870969,9.380645161290323,5.198924731182796,8.895483870967741,11.970322580645162,4.519354838709678,5.206451612903226,15.774193548387096,1.0,0.0,0.0,0.0,0,0,0,0,0,1,0,0,0,0,0,1,0,0,1.8,6.0,6.3,11.2,24.7,36.0,14.0,0,0,136.88123151924708,154.51087743827128,144.1330200064835,123.83171972569902
2021-09-01,75.03,1.2969600725952812,1.355716878402904,4.0295,105.59,1753.6575757575758,22.099018597013785,0.28470961887477314,14448.58,4307.54,33843.92,4362.59,378.0,0,0,4,8,3,2,1,30,6.666666666666667,33976902.32,47651931.4,783.62619047619,4894.5,0.770021281,4.230348314,1.5,1.5,19.34,5.98,3.29,2.31,104.61035439802,106.85197792976,56.4393939393939,61.9,60.68,47.0918,8.4056111552988,8.4,4.9,4.8,7.3,756355.336,8345.2,160.0,100.1,9111.1,15952.4,45.71,854712.0,7553.0,651119.0,135073.0,68520.0,118.04,15.344057208988747,4243.32161308623,167.42982597,33.0322241080132,70.4899819019868,40.16059821,137.16992137,10.25608026,576.29946,2.1516,5.1111,509.13982,1.29351,21.85,202337.502110627,112568.451216847,17084.78483625,62871.1304145,4.35,0.25,-0.5,5.22531319689787,1.36622727272727,-0.302818181818182,141.380952380952,85.4219047619048,310.0,315.942380952381,284.322082519531,274.950023143039,171.3,206.73,203.99,61.57,0.7,5.4,3.4,1.2,4.0,1.9,43.3,3.371690698529354,103.32,116.5,16562.0,8213.0,6063.681433333334,49005.233366666675,42608.6724,-2680.4152999999997,3716.1456666666672,2671.822066666667,1044.3236333333336,78.24433333333333,45.0796,15.412366666666665,17.75236666666667,33327.15151970066,4027.5166557605335,14698.265815152,19834219.835838668,11322036.655538,219.44454524183,225.69092602432,214.03836488716,10524,206,21,-10.35,0.005,15.28,13.479999999999999,0.4266666666666667,12.976666666666667,11.468333333333334,1.778888888888889,10.000666666666666,10.163333333333334,3.183333333333333,7.54,15.941666666666666,0.5,0.5,0.0,0.0,0,1,0,0,0,1,0,0,0,0,0,1,0,0,1.8,6.0,6.3,11.2,24.7,36.0,14.0,3,0,119.97141859566626,147.12051333870534,131.07119190706234,126.13951208917642
2021-10-01,83.57,1.2325317604355717,1.5328947368421053,4.278,115.03,1780.9075500770418,23.78550408495051,0.26842105263157895,15498.39,4605.38,35819.56,4092.2,463.0,1,4,4,10,2,0,2,31,0.0,55416441.0,72739021.88,813.9505,4921.6,0.376363559,4.085619011,2.25,2.29,19.79,7.08,3.56,2.11,109.1118967439,111.0909596841,48.1060606060606,59.33,58.2,45.2189,8.0766005069859,8.1,4.9,4.5,7.2,780865.339,8456.5,157.5,99.3,9199.5,15965.4,45.56,1008898.0,11546.0,859285.0,97621.0,51992.0,113.9,6.0116653482986,4407.69713466621,129.4485422,36.7476612908064,102.291553499194,39.94965387,137.81304135,16.03558329,636.3257,2.4537,5.478,598.09596,1.44458,23.85,204926.56030921,113812.172689809,17222.437694804,63736.869758318,4.35,0.25,-0.5,6.33592660540801,1.57857142857143,-0.146380952380952,156.4,87.2535,320.9,327.2055,439.031646728516,248.473635337268,136.92,198.51,193.6,60.0,1.5,6.2,4.1,1.3,4.6,2.0,40.62,3.9189420874349286,107.57,123.32,16190.77777777778,8129.555555555556,6503.463199999999,48254.74628888889,43764.83599999999,-722.5902333333332,3767.320066666667,2687.303366666667,1080.0167111111116,77.23977777777777,44.54139999999999,15.135055555555553,17.563322222222222,34110.621826352,3992.236997528433,15157.330582890112,20750208.536387,12003867.472173445,220.86919910717,227.05089200789666,215.51900001074,12600,197,56,-3.19,0.0,16.02741935483871,13.985483870967743,0.09193548387096774,13.83548387096774,12.19516129032258,1.239784946236559,11.81741935483871,11.803225806451614,7.012903225806451,9.254838709677419,21.65806451612903,0.0,1.0,0.0,0.0,0,0,0,0,0,1,0,0,0,0,0,1,0,0,1.8,6.0,6.3,11.2,24.7,36.0,14.0,3,16351,127.0726619481825,160.85985286451503,142.25028932843935,116.49357855727267
2021-11-01,66.18,1.191016333938294,1.4521324863883847,4.248,106.41,1773.2989045383413,22.805522571296315,0.37409255898366606,15537.69,4567.0,34483.72,4432.71,696.0,0,0,5,8,2,1,1,30,3.3333333333333335,43481878.72,59960139.2,812.624761904762,4869.4,0.652426213,4.763099206,2.75,2.75,20.91,8.58,3.91,2.31,114.88878024501,117.82107180012,37.3076923076923,55.73,49.04,40.2884,7.527649055274,7.5,5.0,4.2,7.1,795201.4324,8558.4,164.3,99.6,9255.0,15978.4,40.99,1258074.0,10744.0,920567.0,295170.0,42337.0,111.01,0.5666380267334459,4969.01954042985,145.76284985,27.6960300928732,69.2038975371268,35.93775345,190.11194546,10.43101826,600.76438,2.3269,5.0176,553.02344,1.25725,24.95,207505.639681848,115044.791260865,17431.449856281,64786.368750881,4.35,0.25,-0.5,5.82674260093293,1.55727272727273,-0.252363636363636,153.7,79.763,321.45,327.815,454.579406738281,329.069390994896,175.87,246.61,226.44,55.25,2.3,6.8,4.9,1.2,4.9,2.6,35.65,4.321205226939974,114.02,122.88,15143.333333333334,7671.666666666667,6612.307666666667,48439.1813,45115.41269999999,391.8025,3715.5711333333334,2774.2204333333334,941.3507000000004,76.3007,44.02689999999999,14.870600000000001,17.403200000000002,34974.80284207133,4004.494241199267,15613.743158772333,21137747.302055333,12157354.003529334,222.29385297251,228.41085799147334,216.99963513432,14292,162,45,-2.43,0.055,17.85666666666667,13.961666666666668,0.02333333333333333,14.8,12.396666666666667,0.5966666666666666,14.257333333333333,11.68,2.856666666666667,11.251666666666667,19.788333333333334,0.0,1.0,0.0,0.0,0,0,0,0,0,1,0,0,0,0,0,1,0,0,1.8,6.0,6.3,11.2,24.7,36.0,14.0,2,35944,130.43992046032236,165.4720055338919,140.7321158518646,120.54062043979255
2021-12-01,75.21,1.273820326678766,1.603448275862069,4.4095,113.63,1828.2073954983923,23.281160429121286,0.520825771324864,15644.97,4766.18,36338.3,4300.12,522.0,0,0,4,8,3,2,1,31,6.451612903225806,49344695.58,66431530.31,849.121904761905,4951.0,0.734956239,5.320559112,3.46,3.33,22.02,8.71,4.0,2.23,120.21249100645,123.28591406635,32.7586206896552,52.92,46.56,45.3545,7.1898934478904,7.2,5.1,3.9,7.0,800900.4058,8678.3,151.9,100.1,9350.6,15991.4,47.7,1523955.0,16629.0,1264643.0,224885.0,34427.0,108.78,-2.042273290000529,4948.377832141,246.92789562,33.3800566703877,100.109015349612,50.36910504,217.27699769,15.51611617,559.46992,2.186,3.7327,516.69594,1.03798,33.15,209675.368090339,116189.625315697,17534.276159522,65503.158577589,4.35,0.25,-0.5,5.69289695310481,1.46160869565217,-0.312739130434783,155.272727272727,79.0845454545454,361.318181818182,335.166363636364,395.79,344.003352178407,201.43,298.16,263.92,60.19,1.5,7.0,5.0,1.2,5.5,2.6,39.24,4.40908066992093,117.48,145.37,13419.666666666666,6839.333333333333,6390.214833333334,49558.5384,46660.4025,662.7629000000001,3560.898866666667,2932.5732666666668,628.3256000000003,75.4271,43.5361,14.619,17.272000000000002,35919.69456685867,4064.288386773033,16067.503542798666,20996836.132843666,11782496.249605665,223.71850683785,229.77082397505,218.4802702579,8972,109,41,7.22,0.04516129032258064,19.719354838709677,13.101612903225806,0.03225806451612903,16.75,12.543548387096775,0.4637096774193548,16.901290322580643,12.281935483870969,1.867741935483871,14.496774193548386,20.18064516129032,0.0,0.5,0.5,0.0,1,0,0,0,0,1,0,0,0,0,0,1,0,0,1.8,6.0,6.3,11.2,24.7,36.0,14.0,2,72114,119.34699383921827,153.33938448600892,174.37797357204386,124.14766300666722
2022-01-01,88.15,1.3706896551724137,1.6270417422867514,4.3,127.5,1796.7232000000001,22.48422232900849,0.4446007259528131,14239.88,4515.55,35131.86,4548.45,435.0,0,0,5,10,1,1,0,31,3.225806451612903,47497458.31,66212842.14,822.05,4775.3,1.072553506,5.928387442,4.21,4.27,22.96,9.26,4.2,2.4,103.66272040787,107.25153345837,34.4827586206897,54.71,53.35,46.6305,7.271464819756,7.3,5.3,4.0,6.9,802405.6034,8712.9,149.3,100.7,9396.1,16004.5,48.67,784482.0,6981.0,628459.0,134962.0,21061.0,107.22,-3.1097603825826714,3727.28856620725,122.34251848,30.43109798,31.06629173,28.17580845,274.92161731,14.47757169,633.57802,2.5413,4.3325,606.55036,1.16838,45.15,209575.186829205,116158.397168656,17694.543442098,65990.514449623,4.35,0.25,-0.5,5.88616691760098,1.76490476190476,-0.0562857142857143,159.5,77.3995,382.9,339.3985,271.12,319.071530807706,155.28,264.63,230.55,61.09,0.9,7.5,5.1,1.2,6.0,2.3,40.86,3.701207859706626,102.73,112.24,11992.22222222222,6107.666666666667,5571.550455555555,49409.04615555556,47410.41031111111,889.8973666666667,2888.5332888888893,3025.0483666666664,-136.51507777777738,74.8329,43.18125555555556,14.444899999999999,17.206755555555556,36231.38990480478,4044.5940230923666,16205.563112958998,20097325.671017777,10740757.641436221,220.29545047113334,224.35274866925,216.88101538706,10422,233,25,-4.88,0.046774193548387105,20.572580645161292,13.233870967741936,0.00967741935483871,18.001612903225805,12.616129032258065,0.9591397849462366,17.063225806451616,11.532903225806452,3.4838709677419355,13.453225806451613,20.22258064516129,0.0,0.0,1.0,0.0,0,0,0,0,0,1,0,0,0,1,0,1,0,0,2.1,9.1,8.4,14.7,29.0,30.5,6.1,1,69735,118.50451253623149,147.0245146518434,113.58147454706337,110.81197982057893
2022-02-01,95.72,1.5283575317604357,1.6633393829401089,4.4385,118.76,1808.9580645161288,22.518451592177648,0.6064882032667877,13751.4,4373.79,33892.6,4534.47,1079.0,0,0,4,8,0,0,0,28,0.0,38270438.94,55571265.720000006,807.068,4606.4,0.683253383,6.540729602,5.5,5.5,24.33,10.82,4.39,2.38,99.05236948798,102.93781494675,35.546875,51.94,51.19,43.7078,7.4985219215408,7.5,5.5,3.8,6.8,781089.2915,8768.6,139.2,100.2,9479.5,16017.4,42.69,851623.0,6986.0,584728.0,229506.0,37389.0,104.77,-5.905714453360478,3496.96022757855,85.80835214,26.3462246832541,78.9706010567459,25.52886236,333.8155815,20.83810185,706.57648,2.8093,4.6553,692.75882,1.3175,56.05,210567.948935812,116630.098854896,17797.812231312,66664.246500724,4.35,0.25,-0.5,5.81881544028371,1.93475,0.2108,173.684210526316,82.3436842105263,450.0,353.603684210526,278.32,167.081875584505,140.44,220.47,190.72,60.08,0.9,7.9,5.9,1.1,6.4,2.7,39.43,2.8006995553851803,97.66,111.92,10861.0,5476.666666666667,4156.314533333333,47990.70456666666,47365.43613333333,1073.2059,1698.4744000000003,3051.6457333333333,-1353.171333333333,74.5181,42.96236666666666,14.3483,17.207466666666665,35909.88885590967,3945.4111501572665,16027.921869253332,18439215.916577667,9032138.179020999,216.87239410441666,218.93467336345,215.28176051622,9711,278,23,-0.57,0.21071428571428572,20.548214285714288,13.073214285714286,0.060714285714285714,18.148214285714285,11.905357142857143,0.6880952380952381,17.452857142857145,11.987142857142857,2.878571428571429,13.576785714285714,18.07857142857143,0.0,0.0,1.0,0.0,0,0,0,0,0,1,0,0,0,1,1,1,0,0,2.1,9.1,8.4,14.7,29.0,30.5,6.1,1,70275,105.53871615830465,134.514517144442,106.82322166649914,94.62547330837228
2022-03-01,100.28,1.5839382940108893,1.8936025408348458,4.746,135.5,1935.6625874125873,24.810070136912632,0.4379764065335753,14220.52,4530.41,34678.35,4936.97,589.0,0,0,4,8,0,0,0,31,0.0,34263445.519999996,46642077.510000005,799.187391304348,4281.9,1.395180384,7.465190745,5.63,5.5,23.65,11.19,4.45,2.13,115.19523824047,119.44123147868,32.5396825396825,51.29,47.5,39.9806,7.7978651688704,7.8,5.8,3.6,6.8,783042.8177,8797.6,142.1,99.6,9541.6,16030.5,40.48,1248623.0,9812.0,872976.0,231769.0,143878.0,104.17,-8.361899553496244,4124.05679266622,166.44498199,27.9851303467951,80.4022073632049,19.66667522,345.73857161,11.9327308,844.40962,3.5958,4.8839,875.34744,1.43477,57.55,211846.717132813,117016.739672921,18045.141995836,67079.799960298,4.35,0.38,-0.5,6.10320905206854,2.12669565217391,0.328565217391304,178.913043478261,99.9543478260869,941.521739130435,409.572173913044,299.94,359.005178984309,229.24,392.01,327.52,55.65,1.5,8.5,7.4,1.1,6.5,3.0,34.8,2.851385615532617,113.95,126.64,10026.0,4946.333333333333,2144.5070666666666,45303.51363333333,46525.479966666666,1212.6885,-9.277799999999615,3012.3653666666664,-3021.6431666666663,74.48270000000001,42.87943333333333,14.3292,17.274133333333335,34955.19142017334,3766.739767967733,15534.579811681666,16022506.869523332,6656637.86236,213.4493377377,213.51659805765,213.68250564538,16047,265,22,-3.64,0.03225806451612903,19.601612903225806,12.32258064516129,0.004838709677419355,16.551612903225806,11.337096774193547,1.1989247311827955,14.383870967741936,11.838709677419354,4.622580645161291,10.79516129032258,16.716129032258067,0.0,0.0,0.5,0.5,0,0,0,1,0,1,0,0,0,1,1,1,0,0,2.1,9.1,8.4,14.7,29.0,30.5,6.1,2,81230,132.3194760146174,152.54959827533466,120.70367620952054,126.52215668289813
2022-04-01,104.69,1.3849818511796734,1.8634301270417424,4.4205,146.31,1896.5161870503598,22.78245181920318,0.47173321234119786,12334.64,4131.93,32977.21,4778.43,221.0,0,0,4,9,3,0,3,30,0.0,33115143.410000004,42348825.1,815.123,4131.7,1.140745308,8.104928218,7.0,6.98,24.82,11.92,4.41,1.82,106.96218883932,111.72461080651,30.859375,49.29,47.47,41.3156,7.7474931765825,7.7,6.1,3.6,6.8,768523.5533,8835.5,123.1,98.8,9577.5,16043.6,43.06,1390443.0,10833.0,900524.0,244350.0,245569.0,103.57,-9.89448531930428,3366.18725166071,189.65407901,31.5359150077648,54.8089434922352,26.66935136,864.998571719999,13.22583209,836.77424,3.8169,6.5602,882.8243,1.31031,54.75,217155.784184435,119612.841637024,18282.313486527,68029.018465521,4.35,0.5,-0.5,6.53116583184764,2.74995238095238,0.789809523809524,163.15,94.3445,557.55,356.003,320.0,337.153789726457,168.83,334.67,299.37,55.98,2.1,8.3,7.4,0.9,6.2,3.5,35.67,3.5500184980244294,106.35,112.59,9671.22222222222,4717.333333333333,838.0944666666666,43637.715266666666,46129.74967777778,1388.9654333333335,-1103.0689666666665,3091.7795666666666,-4194.848533333333,74.75096666666667,42.99552222222221,14.375744444444445,17.37977777777778,34291.09653194856,3632.9938993955225,15103.73911295811,14469393.866667889,5171965.851525878,212.77565179327001,212.80205755970667,213.04520698174667,17894,245,31,-5.2,0.0016666666666666668,17.665000000000003,12.076666666666666,0.5266666666666667,13.663333333333332,9.626666666666667,4.223111111111112,11.288666666666668,11.058666666666666,4.7283333333333335,7.986666666666666,14.5,0.0,0.0,0.0,1.0,0,0,0,0,0,1,0,0,0,1,1,1,0,0,2.1,9.1,8.4,14.7,29.0,30.5,6.1,0,95731,117.14975306820585,128.82997331889564,107.88316988954725,109.7173363546176
2022-05-01,114.67,1.264519056261343,1.7756352087114338,4.3135,138.97,1837.9726027397262,21.54551476344367,0.29650635208711434,12081.39,4132.15,32991.97,5350.48,140.0,1,2,5,9,2,1,1,31,3.225806451612903,22326772.8,29136595.87,849.39,3988.6,0.86615532,8.783955178,8.02,8.09,25.11,12.28,4.35,1.68,108.86708613665,112.21909878318,26.2295081967213,47.7,46.48,39.5013,7.8039797578749,7.8,5.9,3.6,6.8,773442.4919,8855.1,128.9,98.7,9604.6,16056.6,43.87,1227079.0,9492.0,740900.0,445138.0,41041.0,103.88,-10.506946238815285,3128.28958442202,92.27506428,32.1638586282235,88.1977351017765,41.64114826,1530.68922536,13.19998398,988.53072,3.8839,8.137,952.52026,1.24,57.85,219119.743522896,120284.260278554,18480.852902517,69115.679068612,4.35,0.95,-0.5,6.61783250438927,2.89140909090909,0.996772727272727,186.857142857143,96.6361904761905,619.809523809524,399.590476190476,336.52,386.750242902272,190.45,328.48,287.89,53.25,2.1,8.6,8.1,0.9,6.0,3.8,33.61,2.7530133832807997,108.27,114.38,9796.666666666666,4789.666666666667,237.07673333333332,42993.309466666666,46178.245266666665,1602.0366999999999,-1582.8990999999996,3289.888333333334,-4872.787433333333,75.32289999999999,43.310633333333335,14.487933333333332,17.5244,33917.60419123533,3544.173544440633,14735.399773082667,13779876.908011334,4578122.146518634,212.10196584884,212.08751706176332,212.40790831811333,11226,294,47,-4.07,0.03225806451612903,16.669354838709676,11.146774193548387,0.014516129032258065,12.483870967741936,8.429032258064517,2.474354838709677,8.72709677419355,9.191290322580645,4.874193548387097,5.340322580645162,15.01290322580645,0.0,0.0,0.0,1.0,0,0,1,0,0,1,0,0,0,0,1,1,0,0,2.1,9.1,8.4,14.7,29.0,30.5,6.1,0,123335,119.84620917407265,134.85438506818053,118.86663900265381,109.98228024373307
2022-06-01,105.76,1.109573502722323,1.4323956442831216,3.7215,98.84,1806.4396551724137,20.261356384521672,0.3009528130671506,11028.74,3785.38,30779.71,4950.39,179.0,1,1,4,8,3,0,3,30,0.0,25333303.560000002,35341176.62,857.7695,4281.3,0.72281243,9.686808385,8.81,8.77,26.26,12.99,4.32,1.69,105.39457418031,108.64053255794,25.4098360655738,45.0,42.73,39.3364,7.8114737505625,7.8,5.5,3.6,6.8,776433.7181,8838.4,109.6,98.5,9587.3,16069.7,43.45,987732.0,9513.0,740786.0,231161.0,15785.0,102.7,-12.970774699462773,3655.45619752998,143.75179423,29.910474460198,42.044618879802,58.71349429,683.4455904,13.47806367,1065.57144,4.2725,7.674,1067.6322,1.21786,60.85,224062.134756783,122864.404670522,18657.394757386,70020.69415017,4.35,1.41,-0.5,6.44246557781271,3.13322727272727,1.50359090909091,178.952380952381,85.3257142857143,671.285714285714,414.011904761905,361.62,328.094950109791,152.81,332.63,272.23,53.2,2.5,9.1,8.6,1.0,5.9,3.7,33.17,2.4280884842000927,104.69,111.87,10402.333333333334,5163.333333333333,341.45386666666667,43370.296233333334,46670.96673333333,1851.9023,-1448.7681999999998,3606.691666666667,-5055.459866666667,76.19850000000001,43.82476666666667,14.665766666666668,17.708000000000002,33834.71439803366,3500.278703103067,14429.561792055334,13953955.993553668,4875106.747338268,211.42827990441,211.37297656382,211.77060965448,18773,291,24,-7.24,0.0,15.316666666666666,10.91,1.4816666666666667,12.036666666666667,9.31,5.72,7.859333333333334,10.353333333333333,0.5916666666666667,3.2933333333333334,14.476666666666667,0.5,0.0,0.0,0.5,0,0,0,0,1,1,0,0,0,0,1,1,0,0,2.1,9.1,8.4,14.7,29.0,30.5,6.1,3,127118,106.47032098136894,113.16028321443638,107.27853326183936,102.01890776767979
2022-07-01,98.62,1.1290834845735027,1.5011343012704175,3.5805,96.74,1762.811744386874,20.21685219664857,0.23915607985480944,12390.69,4130.29,32846.45,5259.05,167.0,0,0,4,10,1,0,1,31,0.0,24224421.98,34044719.0,953.70619047619,4319.4,0.764134511,9.82591783,9.42857142857143,9.55,27.06,13.75,4.31,1.81,100.13956928699,102.49204069645,25.0,39.37,39.01,35.5179,7.9188115449306,7.9,5.4,3.5,6.7,788726.1086,8849.8,99.7,98.3,9610.9,16082.7,42.21,701622.0,5849.0,489247.0,164434.0,47941.0,100.43,-16.57725745780866,3311.19296843676,127.08139631,32.0626311838389,91.5119229261611,48.29833119,906.0365375,7.13537195,848.24052,3.6158,7.26,896.58912,1.1467,63.35,224822.230708953,123055.602961635,18677.309511115,70787.790173521,4.35,1.86,-0.33,6.60539438748419,2.89304761904762,1.142,200.2,90.8705,789.1,469.15,447.46,359.977442421623,222.79,403.91,313.46,49.08,2.7,8.5,8.9,0.8,5.9,4.0,28.35,1.8253535580055193,98.75,112.97,10691.0,5381.888888888888,511.44777777777773,43820.835633333336,47050.30926666667,2029.5210222222222,-1199.9526222222219,3769.4411333333333,-4969.393744444445,77.0625,44.37847777777778,14.803266666666667,17.88076666666667,33681.91663674045,3418.2925118701114,14207.769644317666,14402077.274615446,5226233.567971367,210.53895046922668,211.70983197089666,209.76003877485002,12314,301,16,-3.8,0.0,15.040322580645162,11.17741935483871,2.9419354838709677,11.341935483870968,9.714516129032257,5.941935483870967,7.7141935483870965,12.621290322580645,2.329032258064516,1.896774193548387,15.077419354838709,1.0,0.0,0.0,0.0,0,0,0,0,0,1,0,0,0,0,1,1,0,0,2.1,9.1,8.4,14.7,29.0,30.5,6.1,0,169642,103.4471546733067,114.92304340748633,108.74446561177977,96.10884407790451
2022-08-01,89.55,1.0703266787658803,1.5696460980036298,3.5185,113.21,1707.261904761905,17.915053091817615,0.28584392014519056,11816.2,3955.0,31511.09,5441.26,154.0,0,0,5,8,1,0,1,31,0.0,22379020.74,30373766.279999997,904.35,4140.2,0.846396937,10.49455441,9.75,9.75,26.83,14.1,4.23,1.97,107.73842537263,111.17488060095,24.2537313432836,38.62,40.49,38.8602,7.9293997650867,7.9,5.3,3.7,6.7,789744.6627,8853.3,102.8,98.2,9615.8,16095.4,45.7,891395.0,8661.0,692503.0,146611.0,52281.0,97.84,-19.133238296608212,3310.41450952972,98.4905576,32.0760162989434,74.3921092910566,45.09253763,773.8457164,13.82666543,726.91988,3.5318,8.7917,866.78736,1.0936,64.25,226169.589380419,123502.413643494,18851.077508038,71774.79930477,4.35,2.5,0.0,6.71758896123502,2.8954347826087,1.10613043478261,186.086956521739,88.6169565217391,678.173913043478,417.931304347826,406.24,260.880966957428,183.03,327.92,254.96,52.39,2.5,8.3,9.1,0.8,6.3,4.3,30.89,1.521629382299566,106.99,114.63,10662.666666666666,5445.333333333333,747.0584666666667,44344.92766666666,47316.272866666666,2134.8928666666666,-836.4523666666664,3778.1367333333333,-4614.589066666666,77.9149,44.97176666666667,14.900433333333334,18.0427,33459.210907355664,3298.2149707417666,14070.023329869664,15124240.751196668,5631502.608417933,209.64962103404332,212.04668737797334,207.74946789522,22804,296,28,0.03,0.0,14.770967741935483,13.082258064516129,1.4370967741935483,11.67741935483871,9.59032258064516,1.9006451612903226,8.024516129032257,11.490322580645161,1.2209677419354839,4.966129032258064,16.991935483870968,1.0,0.0,0.0,0.0,0,0,0,0,0,1,0,0,0,0,1,1,0,0,2.1,9.1,8.4,14.7,29.0,30.5,6.1,0,174068,110.36442056190563,123.17083328470676,111.16498419059529,108.87734794493069
2022-09-01,79.49,0.8663793103448275,1.3484573502722323,3.4125,85.34,1661.8271186440677,19.03545080375864,0.2382032667876588,10575.62,3585.62,28730.12,5114.19,123.0,0,0,4,8,2,2,0,30,6.666666666666667,25837444.619999997,34142243.76,921.01,3958.9,0.867055569,10.60095273,10.55,10.75,27.93,14.54,4.32,2.14,104.69711912763,107.46351619408,27.1551724137931,41.95,43.27,36.9901,8.0400244066344,8.0,5.5,3.5,6.7,772950.0321,8843.5,87.1,97.8,9616.7,16107.7,40.71,660515.0,6080.0,503465.0,124762.0,32288.0,96.58,-18.185108555226627,3574.70969184613,97.03595746,19.2299253685118,50.8104007114882,64.5735307,651.77407695,9.96715009,672.83814,3.3397,7.785,816.72146,0.98876,65.05,229681.199240251,125107.086432364,18851.435193571,72774.262000473,4.35,2.77,0.58,6.64630953845708,3.50822727272727,1.83054545454545,193.619047619048,76.9857142857143,661.190476190476,430.897619047619,450.09,242.556936393941,201.74,396.8,279.8,51.15,2.8,8.2,9.9,0.6,6.6,4.8,30.61,1.0261684648923484,104.3,108.31,10317.333333333334,5353.666666666667,1048.2859333333333,44942.57233333334,47468.85753333333,2168.0178333333333,-358.26743333333303,3632.7784666666666,-3991.045833333333,78.7557,45.60463333333333,14.957266666666664,18.1938,33166.597209879335,3140.046079718033,14016.322848711332,16120446.423297336,6090913.868677966,208.76029159886,212.38354278505,205.73889701559,20725,400,28,-2.06,0.0,14.936666666666667,16.488333333333333,0.20833333333333334,12.215,12.233333333333333,0.7580000000000001,9.445333333333334,13.255333333333335,0.9733333333333333,6.85,23.025,0.5,0.5,0.0,0.0,0,1,0,0,0,0,1,0,0,0,1,1,0,0,2.1,9.1,8.4,14.7,29.0,30.5,6.1,2,203519,100.01170252081361,107.69136387470303,98.92879456869922,109.58967349231897
2022-10-01,86.19,0.8765880217785843,1.2132486388384756,3.3708,71.51,1642.5841584158416,19.217445025773692,0.2767695099818512,11102.45,3901.06,32861.34,5193.81,102.0,1,3,5,10,2,0,2,31,0.0,13090993.58,16445225.3,955.89,3711.6,0.182093888,10.38689426,11.0657894736842,11.17,27.46,15.05,4.53,1.57,107.03250111825,108.65490977836,24.0740740740741,39.86,38.96,38.1999,7.9683805988207,8.0,5.5,3.7,6.7,767434.6662,8869.3,91.3,97.7,9637.3,16120.2,42.4,925827.0,9170.0,736695.0,142049.0,47083.0,96.01,-15.70719861449379,3889.45117193912,135.82792854,32.3093545147032,77.4224335252968,53.21386689,630.04407689,22.32295438,731.0414,3.795,5.6217,932.73168,0.8593,67.75,230760.553127595,125540.239239598,19051.489502031,73507.284477353,4.35,3.25,0.86,6.67743802074394,3.97052380952381,2.20271428571429,200.65,89.5835,685.25,464.777,354.86,259.049214802676,207.28,418.62,298.66,51.28,2.1,7.7,10.6,0.6,6.3,5.0,32.19,1.1408953871744907,106.44,112.51,10150.88888888889,5355.777777777778,1163.8401555555556,45832.97237777777,47942.81428888888,2199.7502777777777,89.90830000000032,3547.0947333333334,-3457.1863666666663,79.60955555555556,46.18008888888889,15.0499,18.379555555555555,33120.368055783,3053.430041902055,14064.202087134001,16666511.255050225,6255186.694429766,208.46444849859665,211.96808532795666,205.55190297794334,16723,293,65,4.06,0.0,15.908064516129032,14.812903225806451,0.020967741935483872,13.553225806451612,12.583870967741936,2.9638709677419355,11.467096774193548,13.662580645161292,2.0999999999999996,8.998387096774193,25.211290322580645,0.0,1.0,0.0,0.0,0,0,0,0,0,0,1,0,0,0,1,1,0,1,2.1,9.1,8.4,14.7,29.0,30.5,6.1,0,254828,98.99154384715045,113.9365952003395,120.13454577965518,100.2314650396895
2022-11-01,80.56,0.9587114337568059,1.3779491833030852,3.738,84.61,1772.7414965986397,22.34739730726353,0.23638838475499094,11468.0,4080.11,34587.46,5282.61,137.0,0,0,4,8,1,0,1,30,0.0,16140695.84,19712140.950000003,917.05,3765.2,0.774724098,10.52102002,11.25,11.25,27.69,14.88,4.64,1.13,110.89286830966,114.34325080336,23.6363636363636,38.0,41.05,36.6492,7.9488231355874,7.9,5.7,3.6,6.7,744396.8296,8883.1,95.8,97.3,9650.2,16132.4,42.05,994464.0,8859.0,730634.0,187408.0,76422.0,96.95,-12.662154215165721,3764.7227505498,191.96619373,44.3750167874856,77.2583529325144,66.40683906,622.17647831,12.56232228,644.14602,3.3539,5.3569,823.08868,0.852,68.55,229830.862624932,124640.22666136,19325.74905264,74032.167055819,4.35,3.96,1.5,5.73570318123181,3.87527272727273,2.07445454545454,168.368421052632,96.4678947368421,605.210526315789,415.595263157895,220.89,448.588845798041,210.37,357.09,329.32,49.69,1.6,7.1,10.1,0.6,6.0,5.0,30.8,1.2672349534877356,110.94,110.37,10163.333333333334,5451.666666666667,1093.7211333333335,47016.127799999995,48738.143133333324,2230.0902,508.07483333333363,3521.0855333333334,-3013.0106666666666,80.47646666666668,46.698133333333324,15.178333333333333,18.599966666666663,33320.52344506667,3038.366857293833,14213.661045137667,16762435.246455334,6124321.085673333,208.16860539833334,211.55262787086335,205.36490894029666,22863,307,47,0.0,0.005000000000000001,18.305,15.308333333333334,0.07166666666666668,15.465,13.791666666666666,1.4253333333333333,15.458666666666666,13.546,1.1,12.716666666666667,24.773333333333333,0.0,1.0,0.0,0.0,0,0,0,0,0,0,1,0,0,0,1,1,0,1,2.1,9.1,8.4,14.7,29.0,30.5,6.1,2,284050,105.29682522597939,119.48266226583164,116.26254333992888,117.2758705599969
2022-12-01,80.47,0.9544010889292196,1.3484573502722323,3.813,83.37,1824.2738095238096,23.960173334226806,0.22527223230490018,10466.48,3839.5,33147.28,5262.43,117.0,0,0,4,9,2,1,1,31,3.225806451612903,16688770.34,19988690.66,875.66,3904.8,0.290991082,10.03392514,11.25,11.25,28.13,15.28,4.44,1.81,118.22899403494,121.2453744225,25.4385964912281,34.63,35.61,39.161,7.8627488308129,7.9,5.5,3.5,6.7,747150.3128,8965.2,85.6,98.3,9730.3,16144.9,45.35,2207528.0,25714.0,1889096.0,231604.0,86828.0,97.45,-10.419305999963345,4545.25936080194,143.4501977,49.7148840666811,123.900017103319,87.02298602,641.35073502,18.56330299,570.83052,2.9636,5.503,713.8684,0.693769984493032,65.25,230626.553185981,125022.587171596,19372.207729691,74886.981477125,4.35,4.3,1.77,5.33817877290714,3.62104545454545,2.13395454545455,148.190476190476,81.9385714285714,543.52380952381,382.219047619048,303.14,310.496979941266,150.04,279.65,260.65,51.5,1.8,6.5,9.2,0.7,5.7,5.2,32.47,1.3408137109259315,116.95,129.98,10354.666666666666,5641.333333333333,837.9288666666667,48492.0386,49854.844066666665,2259.0376,896.232166666667,3554.7508666666668,-2658.518733333333,81.35643333333333,47.15876666666667,15.342566666666665,18.855033333333335,33767.06337773033,3094.856525893367,14464.699722722333,16408218.397512669,5698317.042408667,207.87276229807,211.13717041377,205.17791490265,16454,215,35,0.0,0.1338709677419355,20.643548387096775,17.416129032258063,0.08387096774193549,17.52258064516129,15.030645161290321,0.9025806451612903,17.043225806451613,15.455483870967742,3.074193548387097,12.48709677419355,27.516129032258064,0.0,0.5,0.5,0.0,1,0,0,0,0,0,1,0,0,0,1,1,0,0,2.1,9.1,8.4,14.7,29.0,30.5,6.1,0,376948,101.16660143690481,121.65573789806743,149.20018336967962,134.24288505861765
2023-01-01,79.15,1.024274047186933,1.5376588021778583,4.226,86.22,1925.7198581560283,23.67791584913887,0.2824410163339383,11584.55,4076.6,34086.89,5322.39,117.0,0,0,5,9,2,1,1,31,3.225806451612903,13614763.18,16337220.42,826.34,4060.3,1.111587424,10.07641991,11.25,11.25,28.69,15.73,4.32,2.49,105.0383518336,107.86973158241,25.4166666666667,36.35,40.67,38.8922,8.0372443026616,8.0,5.5,3.4,6.7,742605.8101,9008.5,86.9,99.7,9795.9,16157.3,43.96,508024.0,3954.0,369972.0,112502.0,25550.0,97.47,-9.098013159632156,2857.56252203138,173.56130591,43.5525250091969,72.4752643108031,71.660483,462.57917772,17.99111617,668.32032,3.1798,3.2742,774.106,0.840639981210232,63.85,228319.527757635,122573.048792424,19544.619091725,75332.669650217,4.35,4.5,2.0,5.34614354440179,3.54577272727273,2.2185,151.4,80.372,569.2,377.601,249.83,275.41359579382,161.43,281.78,249.34,51.19,2.1,6.4,8.6,1.0,5.6,5.3,33.15,1.080971634349534,105.5,100.59,10404.333333333334,5702.555555555555,651.0712555555556,49283.58914444444,50169.19392222222,2251.484288888889,1365.8795777777784,3567.609555555556,-2201.730044444444,81.78791111111111,47.3744,15.408488888888888,19.004944444444444,33740.79355537155,3064.7962723590667,14467.669826662668,16195060.67749889,5349895.774301556,207.60309630347666,209.37070306854,206.26770130251666,24195,336,39,0.0,0.041935483870967745,21.240322580645163,17.270967741935483,0.02741935483870968,17.993548387096773,14.600000000000001,0.512258064516129,17.292258064516126,14.789032258064516,1.596774193548387,14.243548387096775,25.880645161290325,0.0,0.0,1.0,0.0,0,0,0,0,0,0,1,0,0,0,1,1,0,0,2.1,9.1,8.4,14.7,29.0,30.5,6.1,0,477512,103.37778541562011,120.0637084542505,98.98171541218015,114.0009045697987
2023-02-01,77.05,0.9389745916515425,1.3611615245009074,4.0895,84.03,1826.7461139896373,20.884312370421558,0.23162431941923775,11455.54,3970.15,32654.98,5394.9,85.0,0,0,4,8,0,0,0,28,0.0,16956872.95,19725921.27,798.26,4110.8,0.642545733,10.03191447,11.25,11.25,29.37,16.61,4.29,3.45,99.673872338407,103.64257489678,26.6666666666667,38.65,42.14,36.8677,8.3676406179058,8.4,5.6,3.6,6.6,742852.1799,9030.2,78.2,99.5,9854.8,16169.8,39.64,498774.0,4216.0,343420.0,142337.0,13017.0,96.21,-8.16449609855786,3307.68682252584,88.46831687,25.8731647488892,71.5017141911108,68.5456943,490.30554031,19.57152813,651.96634,2.765,2.3884,667.81834,0.818159981712699,59.05,230355.845127764,123287.812768895,19573.974623683,75870.363208859,4.35,4.75,2.48,5.7047957988018,3.7488,2.4096,139.473684210526,71.3615789473684,551.526315789474,366.97,208.5,364.287677422576,152.97,272.4,245.33,52.61,1.0,6.0,8.5,0.6,5.5,5.6,31.23,-0.21020609496324977,99.47,101.45,10312.333333333334,5635.333333333333,533.1483000000001,49390.77943333334,49681.19269999999,2207.4302666666667,1917.0170666666672,3559.6616,-1642.6445999999996,81.7709,47.34503333333333,15.376100000000001,19.0497,33241.71397799033,2948.1860966909335,14222.571356958666,16122962.086414002,5079057.281351999,207.33343030888335,207.60423572331,207.35748770238334,21410,373,58,0.0,0.005357142857142858,22.935714285714287,16.45714285714286,0.0,18.107142857142858,13.782142857142857,0.24214285714285716,17.924285714285713,15.730714285714285,1.717857142857143,13.419642857142858,25.6375,0.0,0.0,1.0,0.0,0,0,0,0,0,0,1,0,0,0,1,1,0,0,2.1,9.1,8.4,14.7,29.0,30.5,6.1,0,351802,94.9695975007446,110.3574349947244,95.94463801332537,111.36947199764893
2023-03-01,75.67,0.9355716878402903,1.3257713248638838,4.0945,82.78,1969.3297101449275,24.10515111869969,0.2191470054446461,12221.91,4109.31,33273.1,5324.62,65.0,0,0,4,8,0,0,0,31,0.0,15754198.0,18355554.310000002,809.5,4022.9,1.164040353,9.781086177,11.25,11.25,27.66,16.28,4.31,3.2,114.11724330244,119.51995703474,27.8688524590164,38.75,40.55,41.5,8.808478760936,8.8,5.3,3.5,6.6,738576.1753,9006.1,86.0,99.6,9876.1,16182.1,42.71,722578.0,7197.0,560731.0,126651.0,35196.0,95.42,-8.40029707328771,4323.04332667309,79.78853685,54.8586698162163,76.6727778437837,56.27996709,634.27343598,16.26161874,671.49072,2.6751,2.3048,644.35738,0.795869982210919,54.15,230579.205604935,123167.998588496,19648.053258913,76206.944422968,4.35,4.84,2.76,5.5224943272288,3.66582608695652,2.40013043478261,152.0,73.1678260869565,554.130434782609,396.812608695652,248.404754638671,516.976889834461,200.49,324.77,311.69,57.42,0.7,5.0,6.9,0.7,5.6,5.7,36.2,-1.1369922372271277,114.1,114.15,10078.666666666666,5439.666666666667,484.16,48813.60946666667,48390.84040000001,2126.8755333333334,2549.644633333334,3530.9070000000006,-981.2623999999997,81.3054,47.07066666666666,15.245399999999998,18.9893,32269.824645586665,2745.0259988889666,13729.404313610334,16191922.624258002,4885801.563560001,207.06376431429,205.83776837808,208.44727410225,17840,365,71,0.0,0.035483870967741936,22.706451612903226,15.238709677419354,0.0,17.643548387096775,11.633870967741935,1.627741935483871,15.3,13.05483870967742,3.679032258064516,9.801612903225807,25.479032258064517,0.0,0.0,0.5,0.5,0,0,0,1,0,0,1,0,0,0,1,1,0,0,2.1,9.1,8.4,14.7,29.0,30.5,6.1,1,307706,116.2880267943191,122.3717864486059,110.01963565841558,133.3823587830628
2023-04-01,76.78,0.9534936479128857,1.2009981851179674,3.8905,80.8,1990.5420393559928,25.0486920895052,0.20916515426497279,12226.58,4169.48,34098.95,5414.68,51.0,0,0,4,10,3,0,3,30,0.0,15209460.81,17569906.2,803.84,4072.7,0.670685761,9.270869968,11.25,11.25,28.84,16.37,4.29,3.47,106.90290300782,111.30725183097,26.3888888888889,36.48,41.4,39.2928692535264,8.6597088797411,8.7,5.2,3.4,6.5,742951.8963,9006.7,73.3,99.6,9860.6,16194.6,39.78,692926.0,7200.0,565830.0,100625.0,26471.0,95.41,-7.882345564510973,3340.13274266219,165.07989322,0.260776039949937,5.94777329005006,58.8783996,384.16655165,11.87675843,688.61088,2.5162,2.1611,602.42884,0.808679981924593,49.15,233156.787846111,124600.160124926,19684.437675037,76835.648637553,4.35,5.0,3.0,5.53944444444445,3.4576,2.35905,147.75,80.4235,570.05,402.23,274.954071044921,392.605046550195,165.42,244.23,233.56,55.66,0.1,4.9,7.0,0.7,5.5,5.6,34.84,-1.2834993614274963,107.3,103.03,10227.555555555555,5544.222222222223,461.5794777777778,48664.84652222222,47731.30154444444,2148.939888888889,3082.484866666667,3605.170166666667,-522.6853111111109,80.79265555555556,46.79633333333334,15.113599999999998,18.88272222222222,31671.331155296444,2597.2631775109335,13378.708861104,16261147.735138891,4856809.310914333,208.08804127378335,207.87766838631666,208.55290205923,17814,409,24,0.0,0.041666666666666664,20.578333333333333,15.271666666666667,0.3016666666666667,15.293333333333333,11.44,3.405333333333333,12.919333333333332,11.729999999999999,2.0349999999999997,8.185,21.883333333333333,0.0,0.0,0.0,1.0,0,0,0,0,0,0,1,0,0,0,1,1,0,0,2.1,9.1,8.4,14.7,29.0,30.5,6.1,0,268647,102.69617945697149,104.60297768215564,98.30425055789206,116.85220124723116
2023-05-01,68.09,0.9432849364791289,1.0199637023593466,3.637,83.48,1965.7113970588239,23.56012602449987,0.21710526315789475,12935.29,4179.83,32910.9,5471.54,26.0,1,3,5,8,2,1,1,31,3.225806451612903,20635945.68,23470294.44,798.64,3940.7,0.456931635,8.827547547,11.25,11.25,28.16,16.09,4.23,3.08,108.00137168713,112.63441824588,27.8225806451613,35.45,41.36,38.8684,8.5247377029714,8.5,5.2,3.7,6.5,744802.5138,9034.2,78.8,100.1,9876.1,16206.9,43.08,962791.0,8470.0,651507.0,261189.0,50095.0,95.03,-8.521328711904186,3401.20630653725,111.62070417,72.6007256745108,179.550408215489,54.11366188,469.911108,18.31566961,636.80126,2.3,2.1464,546.02214,0.649949985472486,46.65,233175.521017877,123467.872085834,19782.138158404,77373.067831838,4.35,5.23,3.22,5.54863636363636,3.57965217391304,2.35421739130435,139.090909090909,77.6731818181818,574.545454545455,403.763181818182,271.14859008789,233.991581001473,205.18,265.51,228.88,52.76,0.2,4.0,6.1,0.6,5.3,5.3,32.37,-1.5565261280855434,108.15,106.52,10759.0,5949.0,465.4067333333333,48944.4906,47702.57613333334,2273.6233333333334,3515.537766666667,3782.4510999999998,-266.913333333333,80.23266666666666,46.52203333333333,14.980699999999999,18.729966666666666,31446.23350711967,2504.8976325568333,13170.484999439665,16330637.419056669,4992080.523415,209.11231823327665,209.91756839455334,208.65853001621,15379,374,34,0.0,0.03225806451612903,18.437096774193545,14.60967741935484,0.4693548387096774,14.05483870967742,10.985483870967743,4.139354838709677,10.245161290322581,13.007096774193549,2.7338709677419355,6.875806451612903,20.64032258064516,0.0,0.0,0.0,1.0,0,0,1,0,0,0,1,0,1,0,1,1,0,0,2.1,9.1,8.4,14.7,29.0,30.5,6.1,0,224443,108.86776885790393,114.10153617559385,110.51887120976018,127.14166193560732
2023-06-01,70.3,0.8765880217785843,1.088021778584392,3.7648,80.19,1909.9595782073814,22.584517871986698,0.2422867513611615,13786.13,4434.54,34382.37,5760.86,10.0,0,0,4,8,2,0,2,30,0.0,16253196.17,18364883.99,799.87,3855.4,0.01966554,8.067821426,11.25,11.25,28.91,15.8,4.2,1.97,105.05500592769,108.14104993463,22.2727272727273,38.23,39.49,39.9,8.5275846527762,8.5,5.2,3.6,6.5,730251.4588,9035.1,70.3,101.0,9877.4,16219.3,41.09,818197.0,7434.0,581484.0,206610.0,30103.0,94.12,-8.347468940939429,3792.98062263914,153.21566514,60.3487463169492,116.742552603051,58.32262991,420.80024112,9.98336802,640.07734,2.3481,2.1834,562.79884,0.574429987160489,46.15,231517.325198339,122079.972824775,19778.44664446,77700.574888862,4.35,5.25,3.39,5.3055,3.74345454545454,2.39918181818182,135.761904761905,68.6261904761905,516.142857142857,376.500952380952,212.252853393554,290.407627065338,179.31,247.21,231.71,53.4,0.0,3.0,5.5,0.4,4.8,5.5,35.26,-1.0902603319340296,105.11,104.43,11673.0,6654.0,495.6417666666667,49652.5417,48304.66416666666,2500.925866666667,3848.8033333333333,4062.7498,-213.9464666666664,79.62543333333332,46.24776666666667,14.8467,18.53103333333333,31594.531701056334,2467.929364026667,13104.732728617333,16400391.676011333,5291615.201062,210.13659519277,211.95746840279,208.76415797319,15797,319,29,0.0,0.0,18.125,14.371666666666666,0.9600000000000001,13.656666666666666,11.066666666666666,8.965333333333332,9.238,14.645333333333333,3.17,3.7083333333333335,19.251666666666665,0.5,0.0,0.0,0.5,0,0,0,0,1,0,1,0,0,0,1,1,0,0,2.1,9.1,8.4,14.7,29.0,30.5,6.1,3,202720,97.41105193042776,100.31214428359546,100.98067620234481,121.53983893233725
2023-07-01,81.25,0.897459165154265,1.1642468239564427,3.9937,84.69,1958.0746003552397,24.349965763258453,0.23411978221415608,14326.09,4586.08,35498.44,6420.96,13.0,0,0,5,10,1,0,1,31,0.0,19043921.13,21801168.900000002,813.4,3878.1,0.216197596,7.480168399,11.202380952381,11.25,29.1,15.75,4.24,2.1,102.35593338675,104.66235471236,24.0740740740741,39.87,41.05,41.0098,8.7722140467169,8.8,5.3,3.5,6.6,725302.3039,9028.6,71.3,101.0,9896.8,16231.7,43.77,1363653.0,12731.0,1022074.0,196154.0,145425.0,92.07,-8.322586382784824,3179.42789227888,153.56474672,29.4522590244244,81.8048097155756,40.91126279,390.663132113,10.198547,706.94636,2.6072,2.554,624.35744,0.647949985517189,39.15,232702.800075024,122362.885700022,19779.346054398,77776.452044321,4.35,5.3,3.54,5.3305,3.89357142857143,2.48714285714286,125.05,65.355,470.65,352.112,161.216476440429,278.561630309805,132.71,263.57,226.31,55.16,-0.3,3.2,5.3,0.8,4.7,5.5,35.38,-0.9190295918421328,102.16,104.03,12303.111111111111,7158.666666666667,517.3437,50135.16961111111,48693.54746666667,2600.784122222222,4042.4061888888887,4195.925666666666,-153.51947777777747,79.09028888888888,45.998088888888894,14.729744444444444,18.362533333333335,31657.104853237,2456.450466347667,13040.342183698112,16487341.174763778,5445815.914382867,211.2385144244,214.25395633397,208.78543315280666,18899,466,18,0.0,0.0,18.038709677419355,14.780645161290321,1.4532258064516128,12.938709677419356,11.275806451612903,6.073548387096774,8.680645161290323,13.990322580645161,3.0387096774193547,1.7580645161290323,14.669354838709678,1.0,0.0,0.0,0.0,0,0,0,0,0,0,1,0,0,0,1,0,0,0,2.1,9.1,8.4,14.7,29.0,30.5,6.1,0,267828,94.4080368074395,98.52941917743799,106.27950012060565,117.14544204927381
2023-08-01,83.63,0.9133393829401089,1.102540834845735,3.822,87.82,1939.8479427549196,24.43276553557749,0.2309437386569873,14034.97,4507.66,34721.16,6009.28,8.0,0,0,4,8,1,0,1,31,0.0,25299804.2,28335385.86,855.66,3848.2,-0.105520544,6.465632885,10.25,10.25,28.48,14.39,4.22,2.75,107.04029778,110.14931884978,21.3636363636364,41.05,43.19,39.5213,8.9956512830772,9.0,5.2,3.8,6.6,721458.0873,9005.4,70.8,100.8,9895.6,16244.3,41.49,897507.0,7418.0,611882.0,189010.0,96615.0,90.19,-7.821781057496768,3590.68975163089,114.57279448,36.2318863731956,83.9232740968044,59.10354272,461.565325998,18.9797113,759.94488,3.0469,2.5848,742.48126,0.681959984757006,33.95,233619.680783072,122298.044283681,19895.675719057,78187.284320642,4.35,5.5,3.75,5.63473684210526,4.17209090909091,2.58322727272727,128.238095238095,64.9671428571429,440.190476190476,348.729047619048,245.76,207.982325897929,76.84,287.96,211.13,55.37,0.1,3.7,5.2,0.8,4.3,5.3,33.75,-1.0540243796748408,107.16,105.84,12649.333333333334,7463.0,530.5125333333334,50392.37433333333,48869.22603333333,2573.1981,4096.346333333334,4181.9787,-85.63236666666637,78.62723333333332,45.772999999999996,14.629833333333332,18.224466666666668,31633.952963661664,2470.4609395198336,12977.313364682,16591485.915314002,5454682.663377599,212.34043365603,216.55044426515,208.80670833242334,21040,481,36,0.0,0.0,18.20967741935484,15.679032258064517,1.8919354838709677,14.312903225806451,12.535483870967743,7.1090322580645156,8.694193548387096,14.06,2.929032258064516,4.103225806451613,19.36774193548387,1.0,0.0,0.0,0.0,0,0,0,0,0,0,1,0,0,0,1,0,0,0,2.1,9.1,8.4,14.7,29.0,30.5,6.1,0,256058,100.71626766822868,98.18874949817153,106.34768180335661,126.41671258132705
2023-09-01,90.79,0.9607531760435571,1.2019056261343013,3.7375,87.15,1847.547993019197,22.19846928077165,0.22867513611615245,13219.32,4288.05,33507.76,5833.36,0.0,0,0,4,9,2,2,0,30,6.666666666666667,21627358.38,24106579.96,884.4,3744.8,0.192253146,5.75337588,9.61842105263158,9.55,28.98,14.28,4.35,3.52,104.96045358109,106.49177328603,25.0,40.45,43.38,41.4291,8.913008571937,8.9,5.0,3.8,6.6,720043.1201,9023.5,65.0,101.3,9906.4,16256.8,42.92,659100.0,6331.0,512350.0,122249.0,24501.0,89.13,-7.707725422224165,3758.76116725225,134.69383839,73.6235130823496,122.66335846765,41.77343254,257.1545497165,8.13020182,739.68074,3.2355,2.6395,797.03856,0.739499983470887,23.55,235501.593842864,123734.705139549,19871.037964456,78538.072813974,4.35,5.5,3.89,5.96571428571429,4.37916666666667,2.70688888888889,131.75,67.67,441.625,354.08375,201.86,223.656415028356,117.7,319.51,243.9,56.53,0.0,3.7,4.3,0.8,4.1,4.5,36.88,-0.6437917589871064,105.19,102.71,12711.666666666666,7567.0,535.1482666666667,50424.15586666667,48831.69986666667,2418.1678,4010.623766666667,4020.9089,-10.28513333333303,78.23626666666667,45.5725,14.546966666666668,18.116833333333336,31525.07603233033,2509.9607835431666,12915.646271569,16712825.897662,5318215.4480462,213.44235288766,218.84693219633,208.82798351204,18156,522,33,0.0,0.0,18.051666666666666,17.526666666666664,0.5349999999999999,13.826666666666666,12.493333333333334,5.851333333333333,9.523333333333333,14.65,1.3866666666666667,5.373333333333333,19.728333333333335,0.5,0.5,0.0,0.0,0,1,0,0,0,0,0,0,0,0,1,0,0,0,2.1,9.1,8.4,14.7,29.0,30.5,6.1,2,255732,86.92974696651203,89.2051679442048,102.80732405560022,117.25501704213166
2023-10-01,81.02,0.9360254083484575,1.1020871143375681,3.649,81.22,1984.7373358348968,22.841149544414215,0.22232304900181488,12851.24,4193.8,33052.74,5407.5,0.0,1,3,5,9,2,0,2,31,0.0,24898798.95,27994852.28,926.35,3587.9,-0.033370648,5.525929025,9.45,9.44,27.86,13.99,4.72,3.62,108.09627954363,110.47434707059,26.6666666666667,40.09,43.91,42.5278,8.8864690786627,8.9,5.0,3.8,6.6,690949.674,9053.0,70.6,101.1,9935.9,16269.4,45.18,749689.0,7643.0,585659.0,142716.0,21314.0,89.56,-6.721807536103563,3718.62464274773,120.79968915,45.367037409477,89.6162580805231,60.21768125,428.0149118605,16.24116087,605.75776,2.9737,2.9889,733.78908,0.68535998468101,21.25,236725.612060894,123985.015820295,19939.023606477,79129.473841295,4.35,5.5,4.0,6.52625,4.79913636363636,2.84918181818182,149.05,64.851,465.4,374.2245,300.02,160.979522290178,133.59,314.22,226.1,54.65,-0.2,3.2,2.9,0.6,4.0,4.2,38.05,-0.3486353892317871,108.34,105.66,12414.22222222222,7424.88888888889,553.4018000000001,50656.67275555556,49232.70813333333,2319.4439444444447,3743.4085555555557,3910.887977777778,-167.47942222222193,78.063,45.50333333333333,14.492666666666665,18.066999999999997,31669.566899357113,2571.660060369822,13002.909715024221,16880066.761971448,5296277.194440301,213.67027374467335,219.37536999136,208.78398241663334,17898,540,35,0.0,0.0,18.046774193548387,17.809677419354838,0.16612903225806452,13.901612903225805,13.101612903225806,1.2167741935483871,10.976129032258065,14.771612903225806,1.211290322580645,8.419354838709678,26.98225806451613,0.0,1.0,0.0,0.0,0,0,0,0,0,0,0,0,0,0,1,0,0,0,2.1,9.1,8.4,14.7,29.0,30.5,6.1,2,330673,99.37907918198381,109.45026356314554,118.58672122503056,111.709824441854
2023-11-01,75.95999908447266,0.980149727767695,1.0946875,3.8289999961853027,79.4000015258789,2039.7041198501877,25.360948123311914,0.24069872958257713,14226.2197265625,4567.7998046875,35950.890625,5818.51,0.0,0,0,4,8,1,0,1,30,0.0,19603905.759999998,21870224.38,886.61,3568.1,0.505463035,5.243973167,9.0,9.0,27.5,13.22,5.18,3.26,112.05388024575,115.55072492528,26.0416666666667,39.09,42.66,43.0397,8.732412133756,8.7,5.0,3.7,6.5,704265.3817,9138.4,75.8,100.5,10012.8,16281.9,45.88,911613.0,8524.0,700898.0,156893.0,53822.0,90.42,-6.742659920337135,3938.89067277187,178.17962759,36.2136867012338,91.3437799587662,40.76093291,332.782953453,13.40719909,551.33256,2.6407,2.7084,659.39036,0.639149985713884,14.45,236836.017754661,123880.634710206,20103.065099257,79667.936377602,4.35,5.5,4.0,5.96714285714286,4.4925,2.61645454545455,148.238095238095,61.1671428571429,439.380952380952,355.830476190476,333.94,229.345970653544,140.68,315.77,246.86,55.15,-0.5,3.1,2.4,0.6,4.0,3.6,39.07,0.17416612136475348,112.83,104.7,11757.0,7036.666666666667,585.2731333333335,51089.924999999996,50072.25083333333,2277.0265333333336,3294.7007,3851.915933333333,-557.215233333333,78.10743333333333,45.56550000000001,14.466933333333335,18.074966666666665,32067.425564742003,2655.5587699998,13239.103695047668,17093208.508242335,5388867.9025599,213.89819460168667,219.90380778639,208.73998132122665,21655,718,40,0.0,0.060000000000000005,19.038333333333334,18.673333333333336,0.24833333333333335,15.273333333333333,14.825,1.9466666666666665,12.389333333333333,15.470666666666666,4.0633333333333335,9.34,24.384999999999998,0.0,1.0,0.0,0.0,0,0,0,0,0,0,0,0,0,0,1,0,0,0,2.1,9.1,8.4,14.7,29.0,30.5,6.1,3,347754,105.28623513616309,112.55054062432859,116.99004411690863,120.49758204222394
2023-12-01,71.6500015258789,1.0581896551724137,1.12890625,3.880500078201294,81.0,2062.417910447761,23.79422716804064,0.24682395644283123,15011.349609375,4769.830078125,37689.5390625,6197.77,0.0,0,0,4,10,2,1,1,31,3.225806451612903,19916875.1,22357010.8,874.67,3377.2,-0.271830447,4.653356071,8.72368421052632,8.98,27.58,12.47,5.21,2.68,117.38565860033,121.11006325878,21.0227272727273,33.91,35.68,39.9054,8.4756393474728,8.5,5.1,3.7,6.5,696150.2023,9223.1,62.1,101.9,10077.2,16294.5,43.53,1004781.0,9473.0,774279.0,199123.0,31379.0,90.86,-6.754171306483658,4134.52869807716,175.24580722,26.6545584494352,85.1336023705648,29.03056169,245.453540751,12.73269257,527.4753,2.3787,2.5265,591.38528,0.674369984926656,13.65,236970.141720575,124009.402211886,20071.190359036,80370.614149241,4.35,5.5,4.0,5.47823529411765,4.00947619047619,2.11425,134.65,55.7075,410.3,328.707,333.92,312.794116000289,107.0,281.71,255.95,54.08,-0.3,3.4,2.9,0.6,3.9,3.4,34.37,-0.15444006482429365,116.54,125.13,10740.0,6402.333333333333,630.7622666666667,51723.9126,51350.327966666664,2290.9155666666666,2664.5002,3843.9927666666667,-1179.492566666666,78.36956666666667,45.75899999999999,14.469766666666667,18.140733333333333,32718.652028485,2761.6569124331,13624.228211639333,17352251.13647467,5595987.572404999,214.1261154587,220.43224558142,208.69598022582,20968,708,23,0.0,0.004838709677419356,20.508064516129032,18.51451612903226,0.008064516129032258,16.45967741935484,15.01774193548387,0.5780645161290322,15.436129032258064,16.16774193548387,1.85,12.516129032258064,27.55322580645161,0.0,0.5,0.5,0.0,1,0,0,0,0,0,0,0,0,0,1,0,0,0,2.1,9.1,8.4,14.7,29.0,30.5,6.1,0,439632,90.32038223965188,102.10608817267426,152.3353815829032,132.1756688960206
2024-01-01,75.8499984741211,1.0142921960072595,1.12328125,3.9024999141693115,85.16999816894531,2038.3754716981132,22.906008820286658,0.2547640653357532,15164.009765625,4845.64990234375,38150.30078125,5976.88,0.0,0,0,5,8,1,1,0,31,3.225806451612903,21168135.21,23721672.180000003,907.99,3290.9,0.726310652,4.254583702,8.25,8.25,27.96,12.71,5.0,2.53,107.6344397438,111.11943418297,24.4047619047619,39.04,43.71,43.8086,8.4356310785176,8.4,5.2,3.7,6.5,708662.8396,9273.4,74.1,102.4,10127.8,16306.9,45.62,674926.0,4696.0,438340.0,160701.0,75885.0,90.09,-7.571392722273973,3497.47001,187.0238095,43.766570749,115.06440467,59.16492211,301.48381287,16.13953239,568.4263,2.561,3.1806,632.73258,0.805859981987625,13.45,237984.783543166,123831.034177758,20163.925245336,80440.210459814,4.35,5.5,4.0,5.53,4.03569565217391,2.22139130434783,138.571428571429,58.07,425.666666666667,335.187142857143,147.71,356.97471648219,131.27,323.41,229.82,57.39,-0.8,3.1,2.8,0.4,3.9,3.3,39.32,-0.3425134354343369,108.46244975384,100.02333526381,9935.0,5877.777777777777,640.7281333333334,52087.239588888886,51904.95015555556,2302.474777777778,2484.7642111111113,3850.9346111111113,-1366.1703999999997,78.54093333333333,45.877833333333335,14.448344444444444,18.21468888888889,32964.32109188889,2800.6880332427445,13800.978367182557,17541905.931450557,5649632.185016622,214.03135516965,219.55206661386666,209.31057673949,24097,490,37,0.0,0.024193548387096774,21.96451612903226,17.79516129032258,0.0,17.811290322580643,14.429032258064517,0.3006451612903226,17.952903225806452,14.976774193548387,0.6983870967741935,14.53225806451613,25.291935483870965,0.0,0.0,1.0,0.0,0,0,0,0,0,0,0,0,0,0,1,0,0,0,2.1,9.1,8.4,14.7,29.0,30.5,6.1,0,506231,97.77636310863011,111.78792854559825,104.73460492807217,118.01456791943828
2024-02-01,78.26000213623047,0.9834392014519057,1.09921875,3.8345000743865967,101.55999755859375,2042.4272211720227,22.666023328018795,0.25635208711433755,16091.919921875,5096.27001953125,38996.390625,6449.8798828125,0.0,0,0,4,8,0,0,0,29,0.0,20796145.240000002,23262194.54,963.44,3385.4,0.60829022,4.219098766,7.25,7.25,28.21,12.08,4.97,3.6,104.25730994009,107.44097660839,24.3589743589744,42.75,44.87,43.155,8.5042567185626,8.5,5.3,3.9,6.5,721338.7876,9309.6,67.3,101.8,10174.9,16319.4,45.29,508225.0,3663.0,314006.0,150054.0,44165.0,89.41,-7.074592545999714,3672.2968101,83.57453637,39.952696983,99.872694307,33.41347867,286.14100675,13.48553674,614.200311194824,2.7054,1.7211,714.057394047144,0.895999979972839,13.15,239943.299884408,124893.217109224,20180.64815914,80786.449344195,4.35,5.5,4.0,5.4675,4.21095238095238,2.36733333333333,135.9,52.3005,403.2,319.5535,153.18,170.818001770421,106.51,276.98,197.37,56.39,0.7,3.2,2.6,1.2,3.8,3.1,38.62,-0.18241796086869005,104.37351444922,103.05853754309,9342.0,5463.0,615.1707333333334,52179.905966666665,51736.11740000001,2311.704166666667,2755.492733333334,3872.7414666666664,-1117.248733333333,78.62153333333333,45.922,14.402666666666667,18.296833333333332,32804.43275495367,2772.6521324287332,13769.354161677335,17662172.89317,5549801.740394766,213.9365948806,218.67188764631334,209.92517325316,36827,435,52,0.0,0.20172413793103447,23.475862068965515,17.448275862068964,0.03103448275862069,19.07758620689655,14.358620689655172,0.23172413793103444,17.91793103448276,13.912413793103447,1.1775862068965517,14.41551724137931,20.46034482758621,0.0,0.0,1.0,0.0,0,0,0,0,0,0,0,0,0,0,1,0,0,0,2.1,9.1,8.4,14.7,29.0,30.5,6.1,0,419183,94.92891306130332,101.84278612848405,101.51879576801514,105.22462109975706
2024-03-01,83.16999816894531,1.0364110707803993,1.10796875,4.003499984741211,91.37999725341797,2243.7609147609146,25.16377159644664,0.2661070780399274,16379.4599609375,5254.35009765625,39807.37109375,6647.4,0.0,0,0,4,10,3,0,3,31,0.0,21390763.7,24139963.61,967.93,3556.4,0.620460778,3.659103602,7.25,7.24,26.0,12.39,4.9,2.98,114.86345696716,118.8297167578,28.7037037037037,41.96,46.31,42.2184,8.6777779966085,8.7,5.2,3.9,6.5,738941.3898,9308.7,65.1,102.1,10193.2,16332.0,44.63,902940.0,6331.0,524099.0,269649.0,109192.0,88.82,-6.917364663186321,4384.7382236,144.70309238,40.964614918,114.97795892,25.43735587,242.14878129,9.07325649,672.318190103582,2.5993,1.4999,687.111832007629,0.818749981699511,13.95,241342.310723677,125483.394251333,20265.830598347,81440.106727508,4.35,5.5,4.0,5.76894736842105,4.20414285714286,2.36047619047619,130.6,44.8825,385.55,299.1,160.31,242.846612100357,116.71,231.32,177.02,55.14,0.1,3.5,2.4,0.6,3.8,2.9,37.0,-0.34062576037707815,115.07543506002,112.78703065107,8961.0,5158.0,554.0900666666666,52001.911733333334,50843.8297,2318.6037333333334,3476.6857666666674,3909.4133333333334,-432.7275666666663,78.61136666666665,45.8915,14.332733333333335,18.387166666666666,32238.987017679334,2677.5492099910666,13529.355595123669,17713052.021633,5296496.238539432,213.84183459155,217.79170867876,210.53976976683,44779,426,42,0.0,0.027419354838709678,20.206451612903226,15.220967741935485,0.0,16.64032258064516,13.456451612903225,2.764516129032258,13.041290322580645,13.168387096774195,2.9693548387096773,9.317741935483872,19.62741935483871,0.0,0.0,0.5,0.5,0,0,0,1,0,0,0,0,0,0,1,0,0,0,2.1,9.1,8.4,14.7,29.0,30.5,6.1,2,451176,96.46478300706816,105.84103490173482,110.69428923422883,121.2888686241175
2024-04-01,81.93000030517578,1.1620916515426498,1.074375,4.564499855041504,77.91999816894531,2288.8991416309013,26.342322985354773,0.24047186932849365,15657.8203125,5035.68994140625,37815.921875,6511.93017578125,0.0,0,0,5,8,0,0,0,30,0.0,19906473.400000002,22363266.88,960.14,3546.9,0.5401842888326,3.524728183,6.56818181818182,6.56,25.84,11.56,4.87,3.12,111.21841378349,115.88451295615,22.6744186046512,41.42,44.07,42.7764,8.5237837145473,8.5,5.0,3.9,6.4,743477.1982,9339.3,72.4,102.0,10209.5,16344.5,43.49,835973.0,7358.0,599460.0,193473.0,43040.0,88.77,-6.955455378790432,4266.2365944,181.58718015,38.612659835,99.821304925,47.66893561,297.78158558,10.45131409,685.526798946481,2.561,1.5967,669.94064051186,0.806729981968179,14.15,240958.350045592,124855.860858822,20199.439835226,81936.754188905,4.35,5.5,4.0,6.10454545454546,4.53636363636364,2.47157142857143,119.636363636364,38.3804545454545,344.0,283.143181818182,175.22,166.740435130865,139.41,268.17,185.64,57.46,0.3,3.4,2.4,0.7,3.6,2.7,38.18,-0.9373183428760972,112.1447006482,102.7174100854,8955.888888888889,5109.222222222223,501.95236666666665,52063.75606666666,50440.242877777775,2368.5815333333335,3992.0947222222226,3987.8555999999994,4.239122222222591,78.61933333333333,45.88755555555556,14.260044444444445,18.471788888888888,31893.395551068665,2625.181622632122,13334.154822399776,17741615.48465522,5183337.501040222,214.56647046904666,219.57963226811333,210.29466642001333,24388,541,29,0.0,0.0,20.116666666666667,14.97,0.3266666666666666,15.253333333333334,12.516666666666667,3.0,12.026000000000002,12.492666666666668,2.015,7.614999999999999,19.758333333333333,0.0,0.0,0.0,1.0,0,0,0,0,0,0,0,0,0,0,1,0,0,0,2.1,9.1,8.4,14.7,29.0,30.5,6.1,0,395615,103.97892219643228,105.62055880417702,109.18062608410577,116.31109226910144
2024-05-01,76.98999786376953,1.1758166969147006,1.08484375,4.610000133514404,76.1500015258789,2329.7296137339054,30.402811616119184,0.23049001814882034,16735.01953125,5277.509765625,38686.3203125,6632.7998046875,0.0,0,0,4,8,2,1,1,31,3.225806451612903,20554618.45,23217912.21,917.88,3643.6,0.4001562688364,3.4662189868597,6.35714285714286,6.39,25.27,11.18,4.97,2.96,108.88047555726,112.36794384656,26.9230769230769,42.91,45.29,39.6,8.3128804231685,8.3,5.0,4.0,6.4,738303.1055,9331.6,67.0,102.1,10177.7,16357.1,40.66,644914.0,6059.0,487583.0,133304.0,24027.0,87.94,-7.455281260208702,4374.9697147,90.49883726,32.578506227,122.10771306,25.8825058,263.95702441,8.93370869,630.050641806304,2.3745,2.1139,619.483754731984,0.707139984194189,13.55,240178.009452109,123425.891317691,20198.752757887,82407.562308181,4.35,5.5,4.0,6.02285714285714,4.48259090909091,2.53359090909091,118.454545454545,36.2872727272727,346.636363636364,298.977727272727,167.47,206.280442270518,123.61,290.84,203.12,55.01,0.3,3.3,2.6,0.6,3.4,2.9,34.63,-0.5659583004243965,109.40733412845,103.97838856886,9326.666666666666,5316.666666666667,458.7576333333334,52365.43896666667,50525.35693333333,2461.6375666666668,4301.7196,4108.068266666666,193.6513333333336,78.64543333333334,45.91016666666667,14.184600000000001,18.5507,31767.658355121664,2615.5493703519,13183.751843505668,17747863.282236665,5210325.5278971335,215.29110634654333,221.36755585746667,210.04956307319668,19423,824,35,0.0,0.0,16.24032258064516,15.464516129032257,1.2580645161290323,11.990322580645161,12.811290322580646,2.1529032258064515,7.303870967741935,11.715483870967741,0.39838709677419354,3.1838709677419357,16.058064516129033,0.0,0.0,0.0,1.0,0,0,1,0,0,0,0,0,0,0,1,0,0,0,2.1,9.1,8.4,14.7,29.0,30.5,6.1,0,335372,97.6768257408598,103.1007818576642,106.8547293932736,119.86591046399407
2024-06-01,81.54000091552734,1.114904718693285,1.09984375,4.390500068664551,69.80999755859375,2323.599567099567,29.09853084679606,0.20508166969147004,17732.599609375,5460.47998046875,39118.859375,6413.88,0.0,1,3,4,10,2,0,2,30,0.0,18099865.669999998,20960415.57,926.08,3529.5,-0.242694583819,3.1948182116316,5.90789473684211,5.88,24.91,9.97,5.0,2.48,104.91269474787,106.85363265771,27.2727272727273,41.5,43.78,42.6902,8.3481780359655,8.3,5.0,4.1,6.4,747732.6657,9321.4,58.8,103.4,10170.4,16369.7,43.58,760901.0,5227.0,460278.0,89857.0,210766.0,87.14,-7.421142732202468,4027.1659877,142.28659853,46.966029096,121.05482284,22.7780625,230.0895925,5.45224826,600.991702351925,2.3847,2.5238,621.068787793132,0.760109983010217,12.65,241481.112330117,123791.02069495,20176.279760573,82815.438830022,4.35,5.5,3.79,6.07631578947368,4.30575,2.4867,125.0,38.048947368421,353.368421052632,328.824736842105,163.17,124.295466936886,144.18,327.51,214.77,56.51,0.2,3.0,2.5,0.6,3.3,2.9,38.56,-0.33890668264216095,105.10593455272,103.01952167977,10073.333333333334,5780.333333333333,424.5058666666667,52906.960433333334,51099.171866666664,2597.7718333333337,4405.560400000001,4270.051333333333,135.50906666666697,78.68966666666667,45.959333333333326,14.1064,18.6239,31861.775429838333,2648.6524531504,13078.146658441334,17731795.414377335,5377460.319110167,216.01574222404,223.15547944682,209.80445972638,21414,642,44,0.0,0.0,16.411666666666665,19.215,5.413333333333333,12.715,17.868333333333332,5.295333333333334,9.478,23.91866666666667,1.4633333333333334,1.68,20.353333333333335,0.5,0.0,0.0,0.5,0,0,0,0,1,0,0,0,0,0,1,0,0,0,2.1,9.1,8.4,14.7,29.0,30.5,6.1,4,281837,86.77938428380602,91.43628837554843,108.52545142448554,116.84322463045574
2024-07-01,77.91000366210938,0.9931941923774955,1.118125,4.159999847412109,67.9800033569336,2443.27539503386,29.04602297123229,0.22686025408348456,17599.400390625,5522.2998046875,40842.7890625,6440.56,0.0,0,0,5,8,1,0,1,31,0.0,21785697.73,27406576.419999998,937.56,3453.7,0.4560207285724,3.441769425306,5.75,5.75,25.18,9.88,5.03,2.89,106.65228599829,109.08038480665,28.4090909090909,42.05,45.29,40.7986,8.6841757807491,8.7,5.2,4.2,6.4,744489.2551,9257.5,63.3,104.3,10137.9,16382.1,41.03,544294.0,3893.0,322595.0,169589.0,52110.0,87.32,-5.16037909061361,4050.3684802,139.64128066,33.54391189,83.34854909,75.75350273,207.20494909,9.97426438,626.880575684008,2.4137,2.0684,621.068787793132,0.788139982383698,11.25,240709.533709413,123042.688515938,20179.953053613,82926.545294847,4.35,5.5,3.75,6.15136363636364,4.24831818181818,2.47981818181818,123.157894736842,37.6242105263158,348.526315789474,346.16,177.64,278.561630309805,144.94,361.85,235.17,56.48,0.5,2.9,2.6,0.4,3.2,2.9,36.59,-0.04453161644562602,106.69300038198,106.1295362171,10530.88888888889,6117.666666666667,427.4266888888889,53269.44595555556,51441.71505555555,2645.509777777778,4473.240677777779,4329.771966666666,143.4687111111114,78.74224444444445,45.987144444444446,14.043411111111112,18.71162222222222,31897.91558407189,2661.9219918212557,13010.016293884444,17779018.57448456,5467601.196253667,216.69173556401665,223.48248094230001,210.80004012003667,26176,557,20,0.0,0.0,15.041935483870969,19.751612903225805,0.04516129032258064,10.820967741935483,24.570967741935483,1.4058064516129032,6.0761290322580646,26.64322580645161,0.6741935483870968,3.7661290322580645,39.377419354838715,1.0,0.0,0.0,0.0,0,0,0,0,0,0,0,0,0,0,1,0,0,0,2.1,9.1,8.4,14.7,29.0,30.5,6.1,0,460267,97.20180624329628,103.9110654110288,107.12133704801717,117.08521773182541
2024-08-01,73.55000305175781,1.0628402903811252,1.13046875,4.144999980926514,69.79000091552734,2502.414027149321,28.86019569471624,0.2352540834845735,17713.619140625,5648.39990234375,41563.078125,6459.96,0.0,0,0,4,9,1,0,1,31,0.0,25939889.74,33613507.87,929.9,3333.2,0.0967387795127,3.6512109808418,5.75,5.75,24.22,10.06,4.97,3.32,109.51224609005,111.68531543594,24.5967741935484,45.32,46.14,41.0264,8.9013222957233,8.9,5.3,4.2,6.3,729073.0976,9235.1,59.5,104.5,10137.4,16394.5,43.4,485496.0,4106.0,348624.0,115167.0,21705.0,87.88,-2.5609938534391197,4367.766383,127.79322783,39.684351159,76.158923621,23.8652091,141.23032811,25.33438223,607.860178950233,2.2382,1.9901,571.40441854383,0.764409982914105,10.65,240152.748878724,122552.263854977,20206.865084475,83416.486835033,4.35,5.5,3.75,5.82571428571428,3.86754545454545,2.23472727272727,132.0,43.2331818181818,351.363636363636,355.61,132.83,207.982325897929,138.37,263.43,226.67,51.92,0.6,2.5,2.2,0.3,3.2,2.8,36.42,0.21131397879047395,109.79911479859,106.7695248581,10699.333333333334,6328.666666666667,467.5201,53452.895533333336,51552.9865,2604.8514,4504.760433333334,4287.230166666665,217.53026666666696,78.80316666666668,45.993599999999994,13.995633333333332,18.813866666666666,31876.07881782233,2655.357986364467,12979.360749835001,17889532.762558337,5480748.159327634,217.36772890399334,223.80948243778,211.79562051369334,27480,816,38,0.0,0.0,15.32258064516129,18.904838709677417,2.15,11.756451612903225,24.312903225806455,4.932413793103448,7.811612903225806,28.516129032258064,1.0089285714285714,5.011290322580645,36.237096774193546,1.0,0.0,0.0,0.0,0,0,0,0,0,0,0,0,0,0,0,0,0,0,2.1,9.1,8.4,14.7,29.0,30.5,6.1,0,397988,96.81044048521419,103.10317157607746,110.30637237629486,122.94140449871219
2024-09-01,68.16999816894531,1.1498411978221417,1.1428125,4.495999813079834,73.55999755859375,2632.7068557919624,31.22399484102506,0.23638838475499094,18189.169921875,5762.47998046875,42330.1484375,6490.57,0.0,1,1,5,9,3,2,1,30,6.666666666666667,21300225.720000003,26076613.2,926.21,3315.1,0.3390363370769,3.8030616282892,5.52777777777778,5.53,24.89,9.66,4.81,2.93,105.27093967177,106.93877209593,23.6607142857143,46.06,46.22,40.9653,8.7423149114593,8.7,5.1,4.1,6.3,718164.4042490242,9243.4,54.6,105.1,10128.9,16407.0,41.46,543558.0,5191.0,404013.0,111969.0,27576.0,89.0488801788363,-0.09,4653.2254368,125.69903516,27.079475822,105.84535207,13.50917457,138.00439327,9.37045954,523.325082355676,2.0731,2.3142,447.243495420575,0.628099985960871,10.55,239935.853180406,122646.54798945,20145.684955664,83844.322141862,4.35,5.29,3.6,5.38333333333333,3.728,2.17652380952381,128.263157894737,42.5589473684211,286.473684210526,339.588947368421,205.5,223.656415028356,127.4,345.05,224.96,56.07,0.4,2.4,1.7,0.1,3.3,2.7,36.28,0.10593988076800286,105.68505528913,101.38900730637,10578.666666666666,6413.333333333333,544.7861,53457.309166666666,51432.98620000001,2475.7967000000003,4500.1196666666665,4142.425933333333,357.6937333333337,78.87243333333333,45.9787,13.963066666666668,18.930633333333333,31796.265131089665,2628.9604367800334,12986.180026293,18063337.97859867,5416901.208332066,218.04372224397,224.13648393326,212.79120090735,21830,582,83,0.0,0.0,16.033333333333335,15.501666666666667,0.15833333333333333,12.898333333333333,15.558333333333334,4.799,9.356666666666666,18.692,2.725,5.691666666666666,30.39333333333333,0.5,0.5,0.0,0.0,0,1,0,0,0,0,0,0,0,0,0,0,0,0,2.1,9.1,8.4,14.7,29.0,30.5,6.1,2,381702,84.28755637475824,92.64084603334007,102.44835359834008,115.26088252580738
2024-10-01,69.26000213623047,1.1617513611615244,1.1046875,4.313499927520752,69.56999969482422,2720.95,33.73252750658608,0.24931941923774956,18095.150390625,5705.4501953125,41763.4609375,6672.61,0.0,1,2,4,8,2,0,2,31,0.0,17568919.35,21176350.82,933.81,3934.8,0.4128738468276,4.2664317569083,5.4,5.4,23.68,9.42,4.54,2.73,110.57752261779,112.98626473022,23.6607142857143,46.01,46.32,43.3809,8.5800798734878,8.6,5.0,4.1,6.3,716506.0212449998,9249.0,69.8,104.2,10117.0,16419.4,45.0,845144.0,4203.0,436331.0,337325.0,71488.0,89.6139338380705,0.06,4681.6600441,87.04480311,50.668603996,136.2439907,49.4099201,155.25311105,9.2050779,534.420313783712,2.1577,2.2077,503.247996914469,0.716909983975813,9.45,242521.739261242,123985.29922374,20270.877154215,84007.254369685,4.35,5.0,3.4,5.54809523809524,4.07555,2.243,114.444444444444,34.6677777777778,259.166666666667,310.907222222222,205.38,223.656415028356,109.29,392.08,226.18,56.7,0.3,2.6,2.0,0.2,3.3,2.7,39.0,-0.34626058612652766,110.95245079729,107.04056503361,10578.666666666666,6413.333333333333,544.7861,53457.309166666666,51432.98620000001,2475.7967000000003,4500.1196666666665,4142.425933333333,357.6937333333337,78.87243333333333,45.9787,13.963066666666668,18.930633333333333,31796.265131089665,2628.9604367800334,12986.180026293,18063337.97859867,5416901.208332066,218.04372224397,224.13648393326,212.79120090735,19648,565,61,0.0,0.004838709677419355,17.52741935483871,13.92741935483871,0.1435483870967742,14.341935483870968,11.096774193548388,1.1509677419354838,12.824516129032258,10.878709677419355,0.9080645161290322,10.109677419354838,21.54193548387097,0.0,1.0,0.0,0.0,0,0,0,0,0,0,0,0,0,0,0,0,0,0,2.1,9.1,8.4,14.7,29.0,30.5,6.1,2,456569,103.72797784305392,113.92264504026137,119.06871035099176,125.9181665968074
2024-11-01,68.0,1.162431941923775,1.11015625,4.08050012588501,73.3499984741211,2651.4310776942357,30.618227598981242,0.2672413793103448,19218.169921875,6032.3798828125,44910.6484375,6578.98,0.0,0,0,4,9,1,0,1,30,0.0,20747019.59,23621209.55,971.6,3983.0,0.2750415776123,4.0273878219076,5.25,5.25,23.92,9.2,4.42,2.78,114.45215629001,117.82507009725,23.6607142857143,43.75,41.86,41.8787269131346,8.2176493561929,8.2,5.0,4.2,6.3,715230.420975054,9286.0,66.3,104.1,10117.4,16431.8,42.9,751929.0,7221.0,562003.0,144867.0,45059.0,89.9301920530355,-0.54,4220.1304793,109.2577381,30.337617172,85.130636718,51.37403956,161.36380645,11.50234487,515.135744873078,2.1585,2.1045,565.328458476096,0.804789982011542,9.45,245824.151242998,125960.02779889,20460.05464584,84758.530963475,4.35,4.8,3.25,5.827,4.35242857142857,2.31485714285714,117.789473684211,25.5110526315789,245.578947368421,299.213157894737,286.23,223.656415028356,225.39,480.0,339.36,55.5,0.2,2.7,2.2,0.3,3.3,2.7,38.2,-0.2716196435724867,115.32488696938,106.42850590922,10578.666666666666,6413.333333333333,544.7861,53457.309166666666,51432.98620000001,2475.7967000000003,4500.1196666666665,4142.425933333333,357.6937333333337,78.87243333333333,45.9787,13.963066666666668,18.930633333333333,31796.265131089665,2628.9604367800334,12986.180026293,18063337.97859867,5416901.208332066,218.04372224397,224.13648393326,212.79120090735,18312,462,60,0.0,0.051666666666666666,19.18166666666667,14.325,0.0,15.91,12.993333333333334,2.766,13.762,11.851333333333335,3.1550000000000002,10.113333333333333,18.490000000000002,0.0,1.0,0.0,0.0,0,0,0,0,0,0,0,0,0,0,0,0,0,0,2.1,9.1,8.4,14.7,29.0,30.5,6.1,2,505550,103.2,108.5,116.1,125.9181665968074
2024-12-01,71.72000122070312,1.1441696914700545,1.0875,3.9860000610351562,68.4000015258789,2621.073047858942,28.873331668470268,0.24977313974591653,19310.791015625,5881.6298828125,42544.21875,6691.09,0.0,0,0,5,9,2,1,1,31,3.225806451612903,23833725.46,27632828.82,982.3,3958.7,0.0041826073102,4.3152995349528,5.15,5.15,23.17,8.65,4.37,2.89,125.09270778244,127.66320809542,23.6607142857143,43.19,41.77,41.8881,8.079730080387,8.1,5.0,4.1,6.3,707766.5581183325,9306.1,62.5,104.1,10124.1,16444.2,44.3,1861029.0,21934.0,1586749.0,235716.0,38564.0,89.9301920530355,-0.54,4661.9924567,84.44048107,54.236724762,123.9316836,33.64720631,157.63952012,11.28229688,511.437334397067,2.1424,3.0229,563.743425414948,0.777619982618839,9.35,248555.247750821,127813.184292349,20473.075152174,85341.350116352,4.35,4.64,3.09,5.76157894736842,4.40195454545455,2.21961904761905,118.142857142857,22.8733333333333,243.952380952381,297.396190476191,286.23,223.656415028356,215.26,483.44,339.36,55.4,0.1,2.9,2.4,0.4,3.2,2.7,37.2,-0.22238605481075183,124.92591001762,126.41088124,10578.666666666666,6413.333333333333,544.7861,53457.309166666666,51432.98620000001,2475.7967000000003,4500.1196666666665,4142.425933333333,357.6937333333337,78.87243333333333,45.9787,13.963066666666668,18.930633333333333,31796.265131089665,2628.9604367800334,12986.180026293,18063337.97859867,5416901.208332066,218.04372224397,224.13648393326,212.79120090735,18417,587,40,0.0,0.0,19.45483870967742,14.069354838709677,0.005357142857142857,16.743103448275864,13.225862068965517,0.6133870967741935,16.128064516129033,12.53032258064516,1.1366666666666667,12.620967741935484,20.52741935483871,0.0,0.5,0.5,0.0,1,0,0,0,0,0,0,0,0,0,0,0,0,0,2.1,9.1,8.4,14.7,29.0,30.5,6.1,0,439632,102.4,108.9,166.8,125.9181665968074
